Timestamp,program,gender,AGE,HEIGHT,WEIGHT,SALARY_OLD,SALARY_GRAD,DESIRE_WORK_ORG,PARENTS,EXPENSES,TRANSPORT,COST_TRANSPORTATION,COST_ENTERTAINMENT,HAND,CELL_PHONE,SMOKE,foot_size,alcohol,tattoo,sleep,social,homework,work,travel,tuition,coffee,BMI,place,hours
2019/02/04 11:26:35 am GMT-8,HRMG,female,22.0,177.8,110.0,1400.0,4000.0,3. NON-PROFIT OR GOVERNMENT AGENCY,False,700.0,1. WALK,0.0,100.0,0. RIGHT-HANDED,68.0,False,11.12,0.0,True,8.0,10.0,10.0,0.0,True,False,0.0,34.8,Burnaby,300
2019/02/04 11:27:45 am GMT-8,HRMG,female,24.0,175.0,63.0,2000.0,3750.0,2. SMALL COMPANY,True,300.0,3. DRIVE,600.0,150.0,0. RIGHT-HANDED,60.0,False,9.5,0.0,True,8.0,7.0,20.0,0.0,True,True,2.0,20.57,Burnaby,300
2019/02/04 11:27:46 am GMT-8,HRMG,male,24.0,182.88,100.0,2000.0,3500.0,2. SMALL COMPANY,True,200.0,3. DRIVE,100.0,150.0,1. LEFT-HANDED,82.0,False,10.5,1.0,False,6.0,20.0,20.0,8.0,True,False,0.0,29.9,Burnaby,300
2019/02/04 11:29:06 am GMT-8,HRMG,female,34.0,5.0,61.3,2500.0,3500.0,1. LARGE CORPORATION,True,300.0,3. DRIVE,500.0,400.0,0. RIGHT-HANDED,70.0,False,7.0,0.0,True,7.0,14.0,20.0,0.0,True,False,1.0,24520.0,Burnaby,300
2019/02/04 11:29:12 am GMT-8,HRMG,female,24.0,160.0,54.0,0.0,3800.0,2. SMALL COMPANY,True,500.0,3. DRIVE,300.0,100.0,0. RIGHT-HANDED,90.0,False,8.0,0.0,False,6.0,6.0,11.0,0.0,True,True,1.0,21.09,Burnaby,300
2019/02/04 11:29:30 am GMT-8,HRMG,female,24.0,164.0,65.0,2500.0,5000.0,2. SMALL COMPANY,True,500.0,2. PUBLIC TRANSPORT,40.0,150.0,0. RIGHT-HANDED,55.0,False,9.25,0.0,False,7.0,20.0,25.0,0.0,True,True,0.0,24.17,Burnaby,300
2019/02/04 11:29:38 am GMT-8,HRMG,female,27.0,153.0,55.0,2300.0,3000.0,2. SMALL COMPANY,False,400.0,3. DRIVE,600.0,100.0,0. RIGHT-HANDED,120.0,False,6.0,0.0,True,7.0,8.0,25.0,12.0,True,True,1.0,23.5,Burnaby,300
2019/02/04 11:34:05 am GMT-8,HRMG,male,40.0,185.0,90.0,2000.0,4000.0,1. LARGE CORPORATION,False,3000.0,2. PUBLIC TRANSPORT,50.0,200.0,0. RIGHT-HANDED,80.0,False,13.0,0.0,True,7.0,3.0,14.0,0.0,True,False,3.0,26.3,Burnaby,300
2019/02/04 11:35:08 am GMT-8,HRMG,male,25.0,165.0,70.3,1300.0,1600.0,1. LARGE CORPORATION,True,300.0,3. DRIVE,50.0,100.0,0. RIGHT-HANDED,45.0,False,8.5,0.0,False,7.0,4.0,12.0,3.5,True,True,0.25,25.82,Burnaby,300
2019/02/04 11:36:01 am GMT-8,HRMG,female,25.0,163.0,52.0,38000.0,43000.0,1. LARGE CORPORATION,True,500.0,3. DRIVE,20.0,150.0,0. RIGHT-HANDED,45.0,False,9.5,0.0,False,6.0,20.0,20.0,8.0,True,False,2.0,19.57,Burnaby,300
2019/02/04 11:39:16 am GMT-8,HRMG,female,38.0,1.62,60.0,3000.0,3500.0,3. NON-PROFIT OR GOVERNMENT AGENCY,False,,2. PUBLIC TRANSPORT,41.0,,0. RIGHT-HANDED,56.0,True,9.0,0.0,False,5.0,14.0,,0.0,True,False,0.0,228623.69,Burnaby,300
2019/02/04 11:42:54 am GMT-8,HRMG,female,22.0,155.45,50.0,1600.0,2500.0,1. LARGE CORPORATION,False,500.0,2. PUBLIC TRANSPORT,0.0,30.0,0. RIGHT-HANDED,95.0,True,9.5,0.0,True,10.0,5.0,40.0,0.0,False,False,3.0,20.69,Burnaby,300
2019/02/04 11:44:47 am GMT-8,HRMG,female,24.0,165.0,58.0,0.0,3000.0,1. LARGE CORPORATION,True,1000.0,3. DRIVE,150.0,60.0,0. RIGHT-HANDED,0.0,False,14.0,0.0,False,7.0,25.0,40.0,8.0,True,False,1.0,21.3,Burnaby,300
2019/02/04 11:46:15 am GMT-8,HRMG,male,23.0,179.0,86.0,2500.0,3200.0,2. SMALL COMPANY,True,400.0,3. DRIVE,340.0,250.0,0. RIGHT-HANDED,60.0,False,10.25,5.0,False,7.0,2.0,24.0,8.0,False,True,3.0,26.84,Burnaby,300
2019/02/04 11:49:00 am GMT-8,HRMG,female,22.0,158.0,53.0,900.0,4000.0,4. OTHER,True,350.0,3. DRIVE,200.0,100.0,0. RIGHT-HANDED,0.0,False,9.25,3.0,False,6.0,14.0,30.0,6.0,False,False,1.0,21.23,Burnaby,300
2019/02/04 11:49:12 am GMT-8,HRMG,female,25.0,150.0,50.0,3500.0,4000.0,1. LARGE CORPORATION,True,500.0,2. PUBLIC TRANSPORT,100.0,140.0,0. RIGHT-HANDED,53.76,True,9.0,3.0,True,5.0,5.0,30.0,0.0,True,True,0.0,22.22,Burnaby,300
2019/02/04 2:31:07 pm GMT-8,HRMG,male,25.0,178.0,75.0,4.0,4.0,1. LARGE CORPORATION,False,1.0,1. WALK,0.0,200.0,0. RIGHT-HANDED,0.0,False,10.0,3.0,False,6.0,13.0,,0.0,True,True,4.0,23.67,Burnaby,300
2019/02/04 2:38:05 pm GMT-8,HRMG,female,30.0,165.0,99.0,3000.0,5000.0,2. SMALL COMPANY,False,800.0,3. DRIVE,200.0,200.0,0. RIGHT-HANDED,120.0,False,10.2,2.0,True,6.0,15.0,40.0,12.0,True,True,2.0,36.36,Burnaby,300
2019/02/04 2:40:15 pm GMT-8,HRMG,female,25.0,170.0,114.0,2.0,4.0,2. SMALL COMPANY,False,1.0,3. DRIVE,200.0,400.0,0. RIGHT-HANDED,120.0,True,9.0,24.0,True,7.5,14.0,24.0,8.0,True,False,1.0,39.45,Burnaby,300
2019/02/04 2:41:51 pm GMT-8,HRMG,male,32.0,176.0,170.0,0.0,3000.0,1. LARGE CORPORATION,True,800.0,2. PUBLIC TRANSPORT,0.0,10.0,0. RIGHT-HANDED,60.0,False,11.0,1.0,False,5.0,3.0,5.0,14.0,True,False,2.0,54.88,Burnaby,300
2019/02/04 2:41:57 pm GMT-8,HRMG,female,24.0,1.6,108.0,2800.0,4000.0,1. LARGE CORPORATION,False,1800.0,2. PUBLIC TRANSPORT,40.0,100.0,0. RIGHT-HANDED,70.0,False,6.5,0.0,False,6.5,12.0,25.0,3.0,True,False,1.0,421875.0,Burnaby,300
2019/02/04 2:44:01 pm GMT-8,HRMG,female,22.0,170.18,506.0,0.0,0.0,1. LARGE CORPORATION,True,600.0,3. DRIVE,200.0,10.0,0. RIGHT-HANDED,30.0,False,9.875,1.0,True,6.0,10.0,8.0,0.0,False,False,5.0,174.72,Burnaby,300
2019/02/04 2:44:50 pm GMT-8,HRMG,female,22.0,174.0,51.0,800.0,4000.0,1. LARGE CORPORATION,True,300.0,2. PUBLIC TRANSPORT,0.0,200.0,0. RIGHT-HANDED,125.0,True,10.0,3.0,False,8.0,14.0,20.0,12.0,True,False,1.0,16.85,Burnaby,300
2019/02/04 2:45:51 pm GMT-8,HRMG,female,23.0,163.0,49.0,1700.0,3000.0,3. NON-PROFIT OR GOVERNMENT AGENCY,True,200.0,3. DRIVE,120.0,100.0,0. RIGHT-HANDED,65.0,False,9.0,0.0,True,6.0,2.0,10.0,4.0,True,False,1.0,18.44,Burnaby,300
2019/02/04 2:47:12 pm GMT-8,HRMG,female,24.0,160.0,66.0,1600.0,3750.0,2. SMALL COMPANY,True,400.0,3. DRIVE,440.0,100.0,0. RIGHT-HANDED,100.0,False,9.5,0.0,True,6.5,3.0,12.0,0.0,True,False,2.0,25.78,Burnaby,300
2019/02/04 2:47:32 pm GMT-8,HRMG,female,23.0,157.0,66.0,2000.0,3750.0,1. LARGE CORPORATION,True,400.0,4. CARPOOL,0.0,50.0,0. RIGHT-HANDED,55.0,False,9.5,0.0,True,6.5,31.5,30.0,0.0,True,True,1.0,26.78,Burnaby,300
2019/02/04 2:49:25 pm GMT-8,HRMG,male,29.0,170.0,81.0,2400.0,4000.0,2. SMALL COMPANY,False,1000.0,2. PUBLIC TRANSPORT,40.0,100.0,0. RIGHT-HANDED,95.0,False,10.56,4.0,False,7.0,1.5,40.0,10.0,True,True,1.0,28.03,Burnaby,300
2019/02/04 2:49:29 pm GMT-8,HRMG,female,35.0,157.0,64.0,3900.0,4500.0,3. NON-PROFIT OR GOVERNMENT AGENCY,False,300.0,3. DRIVE,60.0,80.0,0. RIGHT-HANDED,50.0,True,9.0,3.0,False,7.0,1.0,36.0,7.0,True,False,0.0,25.96,Burnaby,300
2019/02/04 2:58:02 pm GMT-8,HRMG,male,26.0,170.0,155.0,1.0,40.0,2. SMALL COMPANY,False,900.0,1. WALK,0.0,50.0,0. RIGHT-HANDED,68.0,False,7.0,2.0,False,6.0,20.0,24.0,0.0,True,True,1.0,53.63,Burnaby,300
2019/02/05 6:58:22 pm GMT-8,BMGT,female,21.0,1.68,58.0,0.0,4000.0,1. LARGE CORPORATION,True,2000.0,3. DRIVE,800.0,1000.0,1. LEFT-HANDED,65.0,False,5.0,,False,8.0,40.0,8.0,8.0,True,False,,205498.87,Richmond,400
2019/02/05 7:11:28 pm GMT-8,BMGT,female,24.0,161.0,52.1,0.0,4000.0,1. LARGE CORPORATION,False,1000.0,3. DRIVE,300.0,500.0,0. RIGHT-HANDED,60.0,False,9.06,0.0,False,8.0,14.0,7.0,20.0,True,True,0.0,20.1,Richmond,400
2019/02/05 7:22:05 pm GMT-8,BMGT,,22.0,165.0,109.0,0.0,2500.0,1. LARGE CORPORATION,False,1000.0,2. PUBLIC TRANSPORT,0.0,30.0,0. RIGHT-HANDED,50.0,True,9.25,0.0,True,9.0,20.0,30.0,0.0,True,False,3.0,40.04,Richmond,400
2019/02/06 3:29:26 pm GMT-8,BMGT,female,23.0,168.0,53.0,0.0,0.0,2. SMALL COMPANY,False,1000.0,2. PUBLIC TRANSPORT,50.0,300.0,0. RIGHT-HANDED,80.0,False,7.0,0.0,False,8.0,20.0,8.0,0.0,True,False,0.0,18.78,Richmond,400
2019/02/06 8:15:54 pm GMT-8,BMGT,male,21.0,181.0,70.0,2100.0,6666.0,1. LARGE CORPORATION,False,2100.0,2. PUBLIC TRANSPORT,30.0,30.0,0. RIGHT-HANDED,50.0,False,,1.0,False,8.0,2.0,40.0,20.0,True,False,1.0,21.37,Richmond,400
2019/02/06 10:23:29 pm GMT-8,BMGT,male,23.0,180.0,88.0,0.0,3000.0,2. SMALL COMPANY,False,1500.0,2. PUBLIC TRANSPORT,0.0,200.0,1. LEFT-HANDED,70.0,False,10.0,0.0,True,7.0,40.0,25.0,0.0,False,True,0.0,27.16,Richmond,400
2019/02/08 4:51:12 am GMT-8,BMGT,female,35.0,160.0,50.0,3000.0,3000.0,3. NON-PROFIT OR GOVERNMENT AGENCY,False,1500.0,2. PUBLIC TRANSPORT,130.0,200.0,0. RIGHT-HANDED,60.0,False,,,False,7.0,1.0,10.0,20.0,True,False,2.0,19.53,Richmond,400
2019/02/08 8:17:24 am GMT-8,BMGT,male,21.0,183.0,85.0,4400.0,6500.0,2. SMALL COMPANY,True,500.0,3. DRIVE,500.0,500.0,0. RIGHT-HANDED,120.0,False,12.0,10.0,True,7.0,1.0,30.0,30.0,True,True,2.0,25.38,Richmond,400
2019/02/08 8:23:35 am GMT-8,BMGT,male,30.0,178.0,75.0,3500.0,4500.0,1. LARGE CORPORATION,False,2000.0,3. DRIVE,250.0,80.0,0. RIGHT-HANDED,77.0,False,10.0,3.0,False,7.0,1.0,15.0,0.0,True,True,2.0,23.67,Richmond,400
2019/02/08 8:25:02 am GMT-8,BMGT,,23.0,195.0,110.0,5200.0,6000.0,4. OTHER,True,400.0,3. DRIVE,100.0,50.0,0. RIGHT-HANDED,85.0,False,12.2,0.0,True,5.0,2.0,20.0,8.0,False,False,0.5,28.93,Richmond,400
2019/02/08 8:36:24 am GMT-8,BMGT,male,26.0,175.0,67.0,0.0,70000.0,4. OTHER,True,200.0,3. DRIVE,100.0,20.0,0. RIGHT-HANDED,74.0,False,,0.0,False,7.0,1.0,35.0,0.0,True,False,1.0,21.88,Richmond,400
2019/02/08 8:37:16 am GMT-8,BMGT,male,23.0,71.0,111.0,3.0,,1. LARGE CORPORATION,True,400.0,3. DRIVE,300.0,200.0,0. RIGHT-HANDED,50.0,True,11.0,10.0,False,4.0,5.0,25.0,0.0,True,False,2.0,220.19,Richmond,400
2019/02/08 8:45:15 am GMT-8,BMGT,female,20.0,165.0,54.0,2500.0,4.0,1. LARGE CORPORATION,True,400.0,2. PUBLIC TRANSPORT,40.0,150.0,0. RIGHT-HANDED,50.0,False,,0.0,False,5.0,35.0,15.0,16.0,True,True,1.0,19.83,Richmond,400
2019/02/08 9:14:58 am GMT-8,BMGT,male,20.0,180.0,75.0,3800.0,5000.0,1. LARGE CORPORATION,True,350.0,3. DRIVE,120.0,350.0,0. RIGHT-HANDED,105.0,False,,0.0,False,5.0,6.0,28.0,24.0,True,False,0.5,23.15,Richmond,400
2019/02/08 10:10:53 am GMT-8,BMGT,female,20.0,154.0,120.0,0.0,50.0,1. LARGE CORPORATION,True,50.0,2. PUBLIC TRANSPORT,50.0,20.0,0. RIGHT-HANDED,50.0,False,9.0,0.0,False,7.0,15.0,10.0,0.0,True,False,1.0,50.6,Richmond,400
2019/02/08 10:18:10 am GMT-8,BMGT,male,19.0,175.0,63.0,0.0,50.0,1. LARGE CORPORATION,True,100.0,2. PUBLIC TRANSPORT,50.0,50.0,0. RIGHT-HANDED,100.0,False,10.0,0.0,False,8.0,10.0,5.0,0.0,True,False,0.0,20.57,Richmond,400
2019/02/08 10:30:28 am GMT-8,BMGT,female,23.0,175.0,70.0,3300.0,4000.0,1. LARGE CORPORATION,True,1500.0,3. DRIVE,50.0,20.0,0. RIGHT-HANDED,40.0,False,10.4,0.0,False,7.0,5.0,15.0,0.0,True,False,0.0,22.86,Richmond,400
2019/02/08 10:33:40 am GMT-8,BMGT,male,22.0,178.0,77.0,300.0,5000.0,1. LARGE CORPORATION,False,2000.0,2. PUBLIC TRANSPORT,50.0,50.0,2. AMBIDEXTROUS,50.0,False,25.0,0.0,False,8.0,30.0,4.0,8.0,True,False,1.0,24.3,Richmond,400
2019/02/08 10:34:23 am GMT-8,BMGT,male,29.0,185.0,98.0,0.0,60.0,2. SMALL COMPANY,False,2200.0,3. DRIVE,150.0,130.0,0. RIGHT-HANDED,70.0,False,,0.0,False,6.0,6.0,5.0,10.0,True,True,1.0,28.63,Richmond,400
2019/02/08 10:37:20 am GMT-8,BMGT,male,23.0,176.0,83.0,2500.0,5000.0,3. NON-PROFIT OR GOVERNMENT AGENCY,False,2000.0,3. DRIVE,1000.0,200.0,2. AMBIDEXTROUS,120.0,True,10.5,0.0,False,5.0,12.0,30.0,8.0,True,False,2.0,26.79,Richmond,400
2019/02/08 10:38:29 am GMT-8,BMGT,female,30.0,158.0,56.0,2600.0,3200.0,2. SMALL COMPANY,True,2000.0,2. PUBLIC TRANSPORT,40.0,600.0,0. RIGHT-HANDED,,False,14.0,4.0,True,6.5,10.0,14.0,3.0,True,True,0.0,22.43,Richmond,400
2019/02/08 10:40:15 am GMT-8,BMGT,,19.0,175.0,75.0,2500.0,6000.0,1. LARGE CORPORATION,True,500.0,2. PUBLIC TRANSPORT,40.0,100.0,0. RIGHT-HANDED,100.0,False,10.6,2.0,True,5.0,3.0,1.0,60.0,True,True,,24.49,Richmond,400
2019/02/08 10:40:39 am GMT-8,BMGT,female,24.0,165.0,52.0,3750.0,5000.0,1. LARGE CORPORATION,True,200.0,3. DRIVE,680.0,210.0,0. RIGHT-HANDED,85.0,False,10.25,0.0,False,8.0,3.0,25.0,0.0,True,False,0.0,19.1,Richmond,400
2019/02/08 10:42:24 am GMT-8,BMGT,male,46.0,1.78,90.0,10.0,5.0,1. LARGE CORPORATION,False,3.0,2. PUBLIC TRANSPORT,0.0,500.0,0. RIGHT-HANDED,320.0,True,10.2,3.0,False,7.0,0.0,10.0,0.0,True,True,3.0,284055.04,Richmond,400
2019/02/08 10:42:25 am GMT-8,BMGT,female,28.0,158.0,57.0,2800.0,4000.0,1. LARGE CORPORATION,True,500.0,2. PUBLIC TRANSPORT,0.0,100.0,0. RIGHT-HANDED,75.0,False,9.0,1.0,False,7.0,4.0,25.0,0.0,True,True,1.0,22.83,Richmond,400
2019/02/08 10:45:55 am GMT-8,BMGT,male,20.0,182.0,80.0,0.0,3750.0,2. SMALL COMPANY,True,300.0,3. DRIVE,100.0,100.0,0. RIGHT-HANDED,50.0,False,10.35,8.0,False,6.0,12.0,15.0,0.0,True,False,2.0,24.15,Richmond,400
2019/02/08 10:48:56 am GMT-8,BMGT,male,24.0,180.0,81.0,2560.0,3520.0,2. SMALL COMPANY,False,900.0,2. PUBLIC TRANSPORT,80.0,400.0,0. RIGHT-HANDED,80.0,False,10.5,15.0,True,5.5,,12.0,10.0,True,False,,25.0,Richmond,400
2019/02/08 10:50:48 am GMT-8,BMGT,female,23.0,170.0,69.0,2500.0,4500.0,4. OTHER,True,1500.0,3. DRIVE,200.0,100.0,2. AMBIDEXTROUS,90.0,False,9.6875,1.0,False,6.0,18.0,84.0,6.0,True,True,2.0,23.88,Richmond,400
2019/02/08 10:51:40 am GMT-8,BMGT,male,26.0,190.0,77.0,3000.0,6200.0,1. LARGE CORPORATION,True,450.0,3. DRIVE,160.0,40.0,0. RIGHT-HANDED,60.0,True,11.25,8.0,False,6.0,2.0,7.0,6.5,True,True,4.0,21.33,Richmond,400
2019/02/08 10:52:34 am GMT-8,BMGT,female,19.0,170.6,70.4,3800.0,4750.0,1. LARGE CORPORATION,True,150.0,3. DRIVE,380.0,,0. RIGHT-HANDED,0.0,False,9.8,3.0,True,8.0,3.0,30.0,16.0,True,True,1.0,24.19,Richmond,400
2019/02/08 10:54:38 am GMT-8,BMGT,male,19.0,188.0,69.0,2000.0,3500.0,2. SMALL COMPANY,True,0.0,3. DRIVE,150.0,150.0,0. RIGHT-HANDED,55.0,False,10.6,4.0,False,7.0,10.0,20.0,5.0,True,False,1.0,19.52,Richmond,400
2019/02/08 12:16:58 pm GMT-8,BMGT,female,19.0,168.0,62.3,0.0,3200.0,1. LARGE CORPORATION,False,1100.0,1. WALK,0.0,120.0,0. RIGHT-HANDED,45.0,True,7.5,3.0,True,6.0,,,0.0,True,True,0.0,22.07,Richmond,400
2019/02/08 12:39:22 pm GMT-8,BMGT,female,26.0,165.0,48.0,0.0,3000.0,1. LARGE CORPORATION,False,800.0,2. PUBLIC TRANSPORT,100.0,500.0,0. RIGHT-HANDED,48.0,True,,,True,8.0,22.0,60.0,0.0,True,False,0.0,17.63,Richmond,400
2019/02/11 11:36:09 am GMT-8,HRMG,female,27.0,175.0,74.0,3600.0,4500.0,4. OTHER,False,,5. OTHER,10.0,10.0,0. RIGHT-HANDED,85.0,False,,6.0,False,8.0,3.0,6.0,0.0,True,False,2.0,24.16,Burnaby,300
2019/02/14 8:22:04 pm GMT-8,BMGT,female,24.0,162.0,99.0,0.0,5000.0,1. LARGE CORPORATION,False,12000.0,3. DRIVE,500.0,3000.0,0. RIGHT-HANDED,140.0,True,40.0,0.0,False,7.0,3.0,5.0,0.0,True,False,0.0,37.72,Richmond,400
2019/02/22 9:07:22 am GMT-8,BMGT,male,20.0,180.0,70.0,2500.0,4500.0,3. NON-PROFIT OR GOVERNMENT AGENCY,True,0.0,3. DRIVE,100.0,100.0,0. RIGHT-HANDED,80.0,False,10.5,1.0,False,7.0,4.0,12.0,0.0,True,False,1.0,21.6,Richmond,400
2019/09/09 5:01:07 pm GMT-7,BABI,female,33.0,167.0,70.0,4000.0,4000.0,1. LARGE CORPORATION,False,2500.0,2. PUBLIC TRANSPORT,70.0,250.0,0. RIGHT-HANDED,120.0,True,9.68,0.0,False,7.0,1.0,0.0,40.0,False,True,0.0,25.1,Vancouver,300
2019/09/09 7:14:35 pm GMT-7,BABI,female,26.0,160.0,50.0,5200.0,,1. LARGE CORPORATION,True,1000.0,2. PUBLIC TRANSPORT,100.0,500.0,0. RIGHT-HANDED,100.0,False,,20.0,False,7.0,15.0,2.0,40.0,True,False,0.0,19.53,Vancouver,300
2019/09/09 7:14:53 pm GMT-7,BABI,male,29.0,180.0,65.0,4500.0,7000.0,1. LARGE CORPORATION,True,1000.0,3. DRIVE,1000.0,500.0,0. RIGHT-HANDED,50.0,False,10.0,0.0,False,7.0,5.0,10.0,40.0,True,True,3.0,20.06,Vancouver,300
2019/09/09 7:15:34 pm GMT-7,BABI,male,22.0,175.0,59.0,2600.0,3000.0,1. LARGE CORPORATION,True,150.0,3. DRIVE,10.0,300.0,0. RIGHT-HANDED,40.0,False,,3.0,False,8.0,21.0,2.0,40.0,True,False,3.0,19.27,Vancouver,300
2019/09/09 7:15:42 pm GMT-7,BABI,female,27.0,166.0,70.0,1600.0,2300.0,3. NON-PROFIT OR GOVERNMENT AGENCY,True,200.0,2. PUBLIC TRANSPORT,60.0,70.0,0. RIGHT-HANDED,45.0,False,11.0,0.0,False,7.0,10.0,0.0,40.0,True,False,3.0,25.4,Vancouver,300
2019/09/09 7:15:54 pm GMT-7,BABI,male,29.0,171.0,64.0,1600.0,2000.0,3. NON-PROFIT OR GOVERNMENT AGENCY,False,1800.0,2. PUBLIC TRANSPORT,40.0,100.0,1. LEFT-HANDED,72.0,False,,3.0,True,7.0,5.0,,50.0,True,False,3.0,21.89,Vancouver,300
2019/09/09 7:15:58 pm GMT-7,BABI,female,25.0,165.0,60.0,5000.0,5500.0,2. SMALL COMPANY,False,2000.0,1. WALK,0.0,100.0,0. RIGHT-HANDED,50.0,False,9.0,2.0,True,8.0,5.0,0.0,40.0,True,False,4.0,22.04,Vancouver,300
2019/09/09 7:16:01 pm GMT-7,BABI,male,27.0,180.0,70.0,0.0,5000.0,2. SMALL COMPANY,False,,1. WALK,0.0,1000.0,0. RIGHT-HANDED,90.0,False,,10.0,False,7.0,1.0,10.0,40.0,True,True,0.0,21.6,Vancouver,300
2019/09/09 7:16:04 pm GMT-7,BABI,male,24.0,175.0,108.0,52000.0,4500.0,3. NON-PROFIT OR GOVERNMENT AGENCY,True,400.0,2. PUBLIC TRANSPORT,30.0,50.0,0. RIGHT-HANDED,55.0,False,10.0,0.0,False,5.0,50.0,0.0,35.0,True,True,100.0,35.27,Vancouver,300
2019/09/09 7:16:10 pm GMT-7,BABI,male,34.0,191.0,113.0,8000.0,8000.0,1. LARGE CORPORATION,True,600.0,3. DRIVE,50.0,200.0,0. RIGHT-HANDED,70.0,False,34.5,0.0,False,8.0,1.0,5.0,37.5,True,True,1.0,30.98,Vancouver,300
2019/09/09 7:16:23 pm GMT-7,BABI,female,26.0,171.0,60.0,5000.0,6000.0,1. LARGE CORPORATION,False,500.0,2. PUBLIC TRANSPORT,140.0,500.0,0. RIGHT-HANDED,70.0,False,9.6,10.0,False,7.0,5.0,5.0,5.0,True,True,1.0,20.52,Vancouver,300
2019/09/09 7:17:03 pm GMT-7,BABI,male,28.0,178.0,86.0,4000.0,5000.0,2. SMALL COMPANY,False,1200.0,2. PUBLIC TRANSPORT,40.0,300.0,0. RIGHT-HANDED,50.0,False,13.0,5.0,False,7.0,7.0,10.0,40.0,True,True,2.0,27.14,Vancouver,300
2019/09/09 7:17:05 pm GMT-7,BABI,male,40.0,150.0,70.0,4000.0,8000.0,2. SMALL COMPANY,False,1800.0,2. PUBLIC TRANSPORT,100.0,10.0,2. AMBIDEXTROUS,40.0,True,10.0,2.0,True,8.0,2.0,0.0,30.0,True,True,1.0,31.11,Vancouver,300
2019/09/09 7:17:22 pm GMT-7,BABI,male,32.0,180.0,86.0,2800.0,5500.0,2. SMALL COMPANY,False,775.0,2. PUBLIC TRANSPORT,,30.0,0. RIGHT-HANDED,65.0,False,11.0,16.0,True,7.0,2.0,0.0,14.0,False,True,1.0,26.54,Vancouver,300
2019/09/09 7:17:41 pm GMT-7,BABI,male,24.0,168.0,72.0,4400.0,6000.0,2. SMALL COMPANY,False,1800.0,2. PUBLIC TRANSPORT,140.0,600.0,0. RIGHT-HANDED,64.0,False,10.43,12.0,False,8.0,14.0,14.0,40.0,True,False,1.5,25.51,Vancouver,300
2019/09/09 7:17:48 pm GMT-7,BABI,female,35.0,164.0,64.0,60000.0,4000.0,3. NON-PROFIT OR GOVERNMENT AGENCY,False,4000.0,3. DRIVE,65.0,500.0,0. RIGHT-HANDED,72.0,False,9.6,,False,7.0,2.0,0.0,35.0,True,True,0.5,23.8,Vancouver,300
2019/09/09 7:17:55 pm GMT-7,BABI,female,26.0,164.0,64.0,3300.0,4000.0,2. SMALL COMPANY,False,1600.0,2. PUBLIC TRANSPORT,200.0,400.0,0. RIGHT-HANDED,60.0,False,9.0,10.0,True,6.0,8.0,4.0,37.5,False,True,2.0,23.8,Vancouver,300
2019/09/09 7:18:59 pm GMT-7,BABI,male,42.0,178.0,68.0,8000.0,10000.0,3. NON-PROFIT OR GOVERNMENT AGENCY,False,7000.0,3. DRIVE,50.0,200.0,0. RIGHT-HANDED,50.0,False,9.0,0.0,False,7.0,2.0,2.0,40.0,True,True,2.0,21.46,Vancouver,300
2019/09/09 9:01:44 pm GMT-7,BABI,female,27.0,155.0,46.0,3038.0,5000.0,1. LARGE CORPORATION,False,2500.0,3. DRIVE,200.0,200.0,0. RIGHT-HANDED,75.0,False,8.75,1.0,False,8.0,10.0,8.0,40.0,True,False,1.0,19.15,Vancouver,300
2020/08/30 3:50:44 pm GMT-7,BABI,,90.0,180.0,70.0,6000.0,7000.0,3. NON-PROFIT OR GOVERNMENT AGENCY,False,1500.0,5. OTHER,0.0,500.0,0. RIGHT-HANDED,30.0,False,10.0,4.0,False,7.5,7.0,10.0,32.0,True,False,2.0,21.6,Vancouver,300
2020/09/03 9:52:30 pm GMT-7,BABI,female,24.0,150.0,45.0,3000.0,4000.0,1. LARGE CORPORATION,True,2000.0,3. DRIVE,250.0,500.0,0. RIGHT-HANDED,75.0,False,8.7,0.0,False,7.0,10.0,20.0,40.0,True,True,1.0,20.0,Vancouver,300
2020/09/05 11:38:19 am GMT-7,BABI,female,30.0,165.0,60.0,2000.0,4000.0,3. NON-PROFIT OR GOVERNMENT AGENCY,False,500.0,1. WALK,20.0,100.0,0. RIGHT-HANDED,70.0,False,,0.0,False,8.0,1.0,10.0,40.0,True,True,1.0,22.04,Vancouver,300
2020/09/08 5:46:31 pm GMT-7,BABI,male,25.0,183.0,101.0,3000.0,5000.0,1. LARGE CORPORATION,True,200.0,2. PUBLIC TRANSPORT,0.0,30.0,0. RIGHT-HANDED,90.0,False,11.0,5.0,True,7.0,10.0,,20.0,False,False,1.0,30.16,Vancouver,300
2020/09/11 11:58:11 am GMT-7,BABI,male,25.0,181.0,70.0,3200.0,4000.0,2. SMALL COMPANY,False,1850.0,5. OTHER,80.0,60.0,0. RIGHT-HANDED,60.0,True,9.0,1.0,False,7.0,8.0,7.0,32.0,True,False,2.0,21.37,Vancouver,300
2020/09/12 4:04:48 am GMT-7,BABI,male,23.0,185.0,90.0,0.0,5000.0,3. NON-PROFIT OR GOVERNMENT AGENCY,True,200.0,2. PUBLIC TRANSPORT,40.0,50.0,0. RIGHT-HANDED,40.0,False,13.0,0.0,True,12.0,10.0,0.0,20.0,True,False,0.0,26.3,Vancouver,300
2020/09/13 9:07:54 pm GMT-7,BABI,female,25.0,161.0,64.0,2900.0,5400.0,1. LARGE CORPORATION,True,900.0,2. PUBLIC TRANSPORT,150.0,10.0,0. RIGHT-HANDED,50.0,False,9.3,0.0,False,8.0,10.5,35.0,0.0,True,True,0.0,24.69,Vancouver,300
2020/09/14 12:32:14 pm GMT-7,BABI,male,23.0,195.0,150.0,0.0,3500.0,2. SMALL COMPANY,False,1800.0,5. OTHER,0.0,40.0,0. RIGHT-HANDED,75.0,False,12.2,2.0,False,8.0,1.0,3.0,0.0,True,True,0.0,39.45,Vancouver,300
2020/09/14 8:22:31 pm GMT-7,BABI,male,25.0,178.0,80.0,0.0,4000.0,2. SMALL COMPANY,False,900.0,2. PUBLIC TRANSPORT,145.0,20.0,1. LEFT-HANDED,80.0,False,10.0,2.0,False,7.0,10.0,20.0,40.0,True,True,2.0,25.25,Vancouver,300
2020/09/14 8:23:18 pm GMT-7,BABI,male,24.0,170.0,83.0,2316.0,5.0,2. SMALL COMPANY,True,300.0,3. DRIVE,50.0,200.0,0. RIGHT-HANDED,250.0,False,10.0,0.0,True,5.0,8.0,40.0,40.0,True,True,3.0,28.72,Vancouver,300
2020/09/14 8:25:19 pm GMT-7,BABI,female,40.0,165.0,62.0,4000.0,6000.0,1. LARGE CORPORATION,False,1500.0,2. PUBLIC TRANSPORT,90.0,500.0,0. RIGHT-HANDED,75.0,True,9.0,4.0,True,7.0,15.0,0.0,35.0,True,True,1.0,22.77,Vancouver,300
2020/09/14 8:26:52 pm GMT-7,BMGT,male,25.0,175.0,80.0,2500.0,4000.0,2. SMALL COMPANY,False,300.0,3. DRIVE,250.0,100.0,0. RIGHT-HANDED,50.0,False,12.5,8.0,False,7.0,8.0,8.0,40.0,True,True,4.0,26.12,Richmond,400
2020/09/14 8:27:02 pm GMT-7,BABI,male,24.0,187.0,195.0,0.0,0.0,1. LARGE CORPORATION,True,85.0,3. DRIVE,20.0,40.0,0. RIGHT-HANDED,75.0,False,10.0,0.0,False,8.0,4.0,2.0,5.0,True,True,1.0,55.76,Vancouver,300
2020/09/14 8:27:31 pm GMT-7,BABI,female,30.0,160.0,52.0,3500.0,5000.0,2. SMALL COMPANY,True,300.0,2. PUBLIC TRANSPORT,150.0,50.0,0. RIGHT-HANDED,50.0,False,9.0,0.0,False,7.0,7.0,8.0,40.0,True,True,1.0,20.31,Vancouver,300
2020/09/14 8:28:16 pm GMT-7,BABI,male,26.0,183.0,86.0,3.0,4.0,1. LARGE CORPORATION,False,2.0,5. OTHER,0.0,200.0,0. RIGHT-HANDED,60.0,False,8.0,0.0,False,8.0,15.0,35.0,40.0,True,True,1.0,25.68,Vancouver,300
2020/09/14 8:28:48 pm GMT-7,BABI,male,28.0,170.0,77.0,4200.0,4200.0,4. OTHER,False,2400.0,2. PUBLIC TRANSPORT,40.0,200.0,0. RIGHT-HANDED,60.0,False,10.0,7.0,True,8.0,2.0,0.0,8.0,True,False,5.0,26.64,Vancouver,300
2020/09/14 8:30:07 pm GMT-7,BABI,male,27.0,180.0,77.0,3750.0,4500.0,1. LARGE CORPORATION,False,2700.0,3. DRIVE,40.0,40.0,0. RIGHT-HANDED,60.0,True,9.0,0.0,False,7.5,8.0,12.0,40.0,True,True,1.0,23.77,Vancouver,300
2020/09/14 8:31:26 pm GMT-7,BABI,female,30.0,180.0,62.0,4500.0,5500.0,1. LARGE CORPORATION,False,2000.0,3. DRIVE,125.0,200.0,0. RIGHT-HANDED,100.0,False,8.0,0.0,False,8.0,4.0,5.0,40.0,True,True,0.0,19.14,Vancouver,300
2020/09/14 8:31:47 pm GMT-7,BABI,female,31.0,162.0,55.0,4000.0,5000.0,1. LARGE CORPORATION,False,1500.0,3. DRIVE,10.0,300.0,0. RIGHT-HANDED,43.0,False,9.625,1.0,False,8.0,8.0,10.0,40.0,True,True,1.0,20.96,Vancouver,300
2020/09/14 8:32:14 pm GMT-7,BABI,male,25.0,178.0,73.0,4000.0,5800.0,1. LARGE CORPORATION,True,400.0,3. DRIVE,450.0,50.0,0. RIGHT-HANDED,80.0,False,10.0,4.0,False,6.0,15.0,0.0,40.0,True,True,1.0,23.04,Vancouver,300
2020/09/14 8:35:40 pm GMT-7,BABI,male,27.0,179.0,70.0,0.0,4000.0,1. LARGE CORPORATION,True,1500.0,5. OTHER,0.0,300.0,0. RIGHT-HANDED,60.0,False,,10.0,False,7.5,0.0,4.0,12.0,True,False,0.0,21.85,Vancouver,300
2020/09/14 8:39:29 pm GMT-7,BABI,female,33.0,164.0,54.0,3833.0,,1. LARGE CORPORATION,False,2000.0,2. PUBLIC TRANSPORT,30.0,100.0,0. RIGHT-HANDED,60.0,False,8.0,0.0,False,8.0,10.0,10.0,40.0,False,True,1.0,20.08,Vancouver,300
2020/09/14 9:06:18 pm GMT-7,BMGT,male,29.0,178.0,75.0,0.0,10000.0,1. LARGE CORPORATION,True,1800.0,3. DRIVE,100.0,350.0,0. RIGHT-HANDED,60.0,False,9.0,1.0,False,6.5,40.0,40.0,40.0,True,True,0.0,23.67,Richmond,400
2020/09/15 11:40:49 am GMT-7,BABI,female,41.0,166.0,78.0,4.0,6.0,3. NON-PROFIT OR GOVERNMENT AGENCY,False,1.0,2. PUBLIC TRANSPORT,134.0,55.0,0. RIGHT-HANDED,95.0,True,9.8,3.0,False,7.0,0.0,6.0,35.5,True,False,1.0,28.31,Vancouver,300
2020/09/16 7:02:41 pm GMT-7,BABI,male,29.0,165.0,54.0,1800.0,3800.0,2. SMALL COMPANY,True,500.0,2. PUBLIC TRANSPORT,100.0,60.0,0. RIGHT-HANDED,33.0,False,10.0,0.0,False,7.0,8.0,8.0,32.0,False,True,1.0,19.83,Vancouver,300
2020/09/19 9:04:56 pm GMT-7,BABI,female,35.0,158.0,65.0,2000.0,5000.0,1. LARGE CORPORATION,False,2300.0,2. PUBLIC TRANSPORT,90.0,200.0,0. RIGHT-HANDED,45.0,False,6.5,0.0,False,6.0,2.0,5.0,24.0,True,False,0.0,26.04,Vancouver,300
2020/09/22 1:24:16 pm GMT-7,BABI,female,33.0,164.0,54.0,4042.0,4041.0,2. SMALL COMPANY,False,1000.0,3. DRIVE,100.0,300.0,0. RIGHT-HANDED,65.0,False,7.5,0.0,False,7.0,10.0,10.0,40.0,True,True,1.0,20.08,Vancouver,300
2020/09/22 7:29:14 pm GMT-7,BABI,male,25.0,180.0,79.0,3900.0,4500.0,1. LARGE CORPORATION,False,1600.0,3. DRIVE,80.0,600.0,0. RIGHT-HANDED,95.0,False,10.0,8.0,False,6.75,5.0,12.0,45.0,True,True,2.0,24.38,Vancouver,300
2020/09/23 9:31:22 pm GMT-7,BMGT,male,24.0,170.0,73.0,2316.0,5000.0,2. SMALL COMPANY,True,300.0,3. DRIVE,200.0,300.0,0. RIGHT-HANDED,244.0,False,10.0,0.0,True,5.0,1.0,40.0,40.0,True,True,4.0,25.26,Richmond,400
2020/09/27 9:01:24 am GMT-7,BABI,female,35.0,158.0,65.0,1500.0,3000.0,2. SMALL COMPANY,False,2000.0,2. PUBLIC TRANSPORT,100.0,300.0,0. RIGHT-HANDED,50.0,False,6.0,0.0,False,6.0,2.0,4.0,24.0,True,True,0.0,26.04,Vancouver,300
2020/09/28 10:46:56 am GMT-7,BABI,male,40.0,183.0,86.0,6000.0,6500.0,1. LARGE CORPORATION,False,3500.0,3. DRIVE,200.0,300.0,0. RIGHT-HANDED,75.0,False,10.0,0.0,False,6.0,1.0,25.0,20.0,True,True,1.0,25.68,Vancouver,300
2021/09/07 7:48:18 pm GMT-7,BABI,male,22.0,178.0,75.0,5500.0,7000.0,1. LARGE CORPORATION,False,2000.0,2. PUBLIC TRANSPORT,0.0,400.0,0. RIGHT-HANDED,67.0,False,10.0,1.0,False,7.5,8.0,3.0,40.0,False,True,2.0,23.67,Vancouver,300
2021/09/08 1:06:36 pm GMT-7,BABI,female,48.0,155.0,48.0,,,2. SMALL COMPANY,False,,3. DRIVE,100.0,100.0,0. RIGHT-HANDED,75.0,False,9.4,3.0,False,7.0,0.0,,30.0,True,True,1.0,19.98,Vancouver,300
2021/09/08 8:55:52 pm GMT-7,BABI,male,26.0,181.0,96.0,4800.0,5500.0,3. NON-PROFIT OR GOVERNMENT AGENCY,True,200.0,3. DRIVE,200.0,50.0,1. LEFT-HANDED,55.0,False,11.0,5.0,True,7.0,9.0,5.0,37.5,True,True,1.5,29.3,Vancouver,300
2021/09/09 3:31:49 pm GMT-7,BABI,female,34.0,150.0,64.0,0.0,3000.0,2. SMALL COMPANY,False,2500.0,2. PUBLIC TRANSPORT,175.0,60.0,0. RIGHT-HANDED,50.0,False,5.0,0.0,False,8.0,10.0,3.0,0.0,True,False,1.0,28.44,Vancouver,300
2021/09/09 6:30:34 pm GMT-7,BABI,male,24.0,172.0,165.0,4300.0,6000.0,1. LARGE CORPORATION,True,1400.0,3. DRIVE,50.0,20.0,0. RIGHT-HANDED,30.0,False,10.0,1.0,False,6.0,8.0,6.0,45.0,True,True,1.0,55.77,Vancouver,300
2021/09/09 6:36:23 pm GMT-7,BABI,male,28.0,175.0,148.0,0.0,8000.0,3. NON-PROFIT OR GOVERNMENT AGENCY,True,,2. PUBLIC TRANSPORT,0.0,0.0,0. RIGHT-HANDED,100.0,False,,0.0,False,7.0,10.0,12.0,0.0,True,False,2.0,48.33,Vancouver,300
2021/09/09 7:55:05 pm GMT-7,BABI,male,27.0,181.0,80.0,5000.0,7000.0,2. SMALL COMPANY,False,2500.0,2. PUBLIC TRANSPORT,35.0,25.0,0. RIGHT-HANDED,110.0,False,11.0,3.0,False,9.0,10.0,5.0,37.0,True,True,0.0,24.42,Vancouver,300
2021/09/11 12:23:18 pm GMT-7,BABI,male,28.0,168.0,67.0,0.0,6666.0,1. LARGE CORPORATION,False,2500.0,3. DRIVE,100.0,10.0,2. AMBIDEXTROUS,60.0,False,9.5,2.0,False,6.0,6.0,4.0,45.0,True,True,2.0,23.74,Vancouver,300
2021/09/11 7:33:08 pm GMT-7,BABI,female,34.0,152.0,47.0,4.0,5.0,3. NON-PROFIT OR GOVERNMENT AGENCY,True,400.0,2. PUBLIC TRANSPORT,20.0,20.0,0. RIGHT-HANDED,50.0,False,8.75,0.0,False,6.0,0.5,25.0,40.0,True,True,1.0,20.34,Vancouver,300
2021/09/13 2:42:47 pm GMT-7,BABI,female,29.0,163.0,50.0,3500.0,4000.0,1. LARGE CORPORATION,False,2000.0,3. DRIVE,70.0,400.0,0. RIGHT-HANDED,35.0,False,8.75,,False,8.0,5.0,8.0,40.0,True,True,1.0,18.82,Vancouver,300
2021/09/14 6:52:17 am GMT-7,BABI,female,27.0,170.0,65.0,4300.0,5300.0,2. SMALL COMPANY,False,1200.0,2. PUBLIC TRANSPORT,20.0,200.0,0. RIGHT-HANDED,60.0,False,10.0,2.0,True,7.0,7.0,3.0,40.0,True,False,2.0,22.49,Vancouver,300
2021/09/14 10:06:57 am GMT-7,BABI,female,36.0,167.0,57.0,7000.0,10000.0,1. LARGE CORPORATION,False,3000.0,3. DRIVE,100.0,200.0,0. RIGHT-HANDED,90.0,False,9.0,3.0,False,7.5,15.0,10.0,40.0,True,True,1.0,20.44,Vancouver,300
2021/09/14 4:54:38 pm GMT-7,BABI,female,32.0,180.0,54.0,3400.0,4000.0,3. NON-PROFIT OR GOVERNMENT AGENCY,False,,3. DRIVE,60.0,40.0,0. RIGHT-HANDED,75.0,True,6.0,5.0,True,7.0,1.0,8.0,35.0,True,False,1.0,16.67,Vancouver,300
2021/09/14 9:15:48 pm GMT-7,BABI,female,23.0,165.0,50.0,1000.0,5000.0,4. OTHER,False,500.0,1. WALK,20.0,50.0,0. RIGHT-HANDED,50.0,False,5.0,1.0,False,9.0,20.0,5.0,40.0,True,False,1.0,18.37,Vancouver,300
2021/09/16 1:54:34 am GMT-7,BABI,male,25.0,173.0,66.0,4600.0,6600.0,1. LARGE CORPORATION,False,1300.0,3. DRIVE,70.0,150.0,0. RIGHT-HANDED,45.0,False,8.5,0.0,False,8.0,3.0,20.0,40.0,True,True,1.0,22.05,Vancouver,300
2021/09/16 4:31:13 pm GMT-7,BABI,male,22.0,182.0,75.0,9.0,9.0,2. SMALL COMPANY,False,4000.0,3. DRIVE,200.0,500.0,0. RIGHT-HANDED,102.0,False,10.3,3.0,False,7.0,20.0,4.0,54.0,True,True,3.0,22.64,Vancouver,300
2021/09/16 5:36:50 pm GMT-7,BABI,male,31.0,195.58,113.4,5000.0,6500.0,1. LARGE CORPORATION,False,2500.0,2. PUBLIC TRANSPORT,22.0,100.0,0. RIGHT-HANDED,90.0,False,14.0,3.0,False,7.0,21.0,14.0,40.0,True,True,1.0,29.65,Vancouver,300
2021/09/16 7:55:58 pm GMT-7,BABI,female,30.0,163.0,61.0,2800.0,5000.0,1. LARGE CORPORATION,False,1000.0,2. PUBLIC TRANSPORT,30.0,200.0,0. RIGHT-HANDED,51.0,False,9.5,0.0,True,7.0,8.0,15.0,40.0,True,True,1.0,22.96,Vancouver,300
2022/01/07 1:55:59 pm GMT-8,BITMAN,male,23.0,180.4,86.18,3.0,4.0,2. SMALL COMPANY,True,200.0,3. DRIVE,250.0,200.0,0. RIGHT-HANDED,50.0,False,132.0,2.0,False,8.0,2.0,2.0,,False,False,0.0,26.48,Burnaby,1500
2022/01/17 9:14:32 pm GMT-8,BITMAN,male,21.0,188.0,100.0,2200.0,4000.0,1. LARGE CORPORATION,True,800.0,3. DRIVE,150.0,200.0,0. RIGHT-HANDED,80.0,False,11.0,2.0,True,8.0,6.0,20.0,20.0,True,False,0.0,28.29,Burnaby,1500
2022/08/31 10:58:48 pm GMT-7,BABI,female,25.0,166.0,65.0,2400.0,4000.0,1. LARGE CORPORATION,False,2000.0,2. PUBLIC TRANSPORT,30.0,100.0,0. RIGHT-HANDED,75.0,False,9.0,0.0,False,7.0,7.0,7.0,37.5,True,True,1.0,23.59,Vancouver,300
2022/09/06 1:06:05 pm GMT-7,BABI,male,26.0,220.0,75.0,3300.0,5000.0,1. LARGE CORPORATION,False,800.0,3. DRIVE,100.0,100.0,0. RIGHT-HANDED,45.0,False,8.0,0.0,False,7.0,30.0,28.0,16.0,True,False,1.0,15.5,Vancouver,300
2022/09/07 1:31:18 pm GMT-7,BABI,male,43.0,175.0,78.0,,,4. OTHER,False,2000.0,3. DRIVE,100.0,400.0,0. RIGHT-HANDED,63.0,False,9.5,3.0,False,8.0,2.0,4.0,45.0,True,True,,25.47,Vancouver,300
2022/09/07 6:13:32 pm GMT-7,BABI,male,28.0,180.0,180.0,4000.0,5000.0,1. LARGE CORPORATION,True,800.0,2. PUBLIC TRANSPORT,50.0,60.0,0. RIGHT-HANDED,90.0,False,10.0,0.0,False,6.0,0.5,6.0,40.0,True,True,0.0,55.56,Vancouver,300
2022/09/08 12:41:04 pm GMT-7,BABI,male,47.0,178.0,75.0,5000.0,7000.0,3. NON-PROFIT OR GOVERNMENT AGENCY,False,4000.0,3. DRIVE,100.0,200.0,0. RIGHT-HANDED,45.0,False,10.0,2.0,False,6.0,1.0,10.0,40.0,True,True,2.0,23.67,Vancouver,300
2022/09/08 1:57:13 pm GMT-7,BABI,male,30.0,170.0,64.0,3000.0,4000.0,2. SMALL COMPANY,False,1000.0,2. PUBLIC TRANSPORT,50.0,500.0,0. RIGHT-HANDED,50.0,False,9.0,0.0,False,5.0,35.0,35.0,37.5,True,True,0.0,22.15,Vancouver,300
2022/09/08 7:33:55 pm GMT-7,BABI,female,29.0,170.0,58.0,3.0,4.0,1. LARGE CORPORATION,False,3.0,2. PUBLIC TRANSPORT,50.0,100.0,0. RIGHT-HANDED,100.0,False,10.0,8.0,True,7.0,8.0,20.0,10.0,True,False,2.0,20.07,Vancouver,300
2022/09/08 10:53:12 pm GMT-7,BABI,female,30.0,157.0,68.0,1400.0,3000.0,1. LARGE CORPORATION,False,400.0,2. PUBLIC TRANSPORT,16.0,20.0,0. RIGHT-HANDED,64.0,False,9.6,2.0,False,8.0,2.0,1.0,0.0,True,False,2.0,27.59,Vancouver,300
2022/09/09 9:39:32 am GMT-7,BABI,female,37.0,172.72,56.36,4000.0,5000.0,1. LARGE CORPORATION,False,4000.0,2. PUBLIC TRANSPORT,50.0,20.0,0. RIGHT-HANDED,55.0,False,9.25,3.0,False,6.0,3.0,3.0,40.0,True,True,1.0,18.89,Vancouver,300
2022/09/09 11:05:11 am GMT-7,BABI,female,33.0,147.0,43.0,5779.0,8000.0,1. LARGE CORPORATION,False,2000.0,2. PUBLIC TRANSPORT,,300.0,1. LEFT-HANDED,55.0,False,9.0,2.0,True,7.0,10.0,5.0,40.0,True,False,1.0,19.9,Vancouver,300
2022/09/09 4:19:38 pm GMT-7,BABI,female,38.0,157.0,44.0,6000.0,7000.0,3. NON-PROFIT OR GOVERNMENT AGENCY,False,2500.0,2. PUBLIC TRANSPORT,100.0,200.0,0. RIGHT-HANDED,65.0,False,,0.0,False,6.0,7.0,10.0,40.0,True,True,2.0,17.85,Vancouver,300
2022/09/10 4:58:17 pm GMT-7,BABI,male,25.0,175.0,77.0,5833.0,8600.0,2. SMALL COMPANY,False,2700.0,2. PUBLIC TRANSPORT,15.0,200.0,0. RIGHT-HANDED,47.0,False,10.5,2.0,True,7.0,7.0,10.0,50.0,True,True,1.0,25.14,Vancouver,300
2022/09/10 11:59:29 pm GMT-7,BABI,female,26.0,162.0,68.0,1200.0,3750.0,2. SMALL COMPANY,True,0.0,3. DRIVE,50.0,30.0,0. RIGHT-HANDED,82.0,False,9.5,0.0,False,6.0,49.0,30.0,20.0,True,False,0.0,25.91,Vancouver,300
2022/09/11 6:29:33 pm GMT-7,BABI,male,25.0,164.0,47.0,0.0,5500.0,2. SMALL COMPANY,True,150.0,2. PUBLIC TRANSPORT,50.0,100.0,0. RIGHT-HANDED,35.0,False,9.4,0.0,False,7.0,10.0,5.0,28.0,True,False,0.0,17.47,Vancouver,300
2022/09/11 7:56:29 pm GMT-7,BABI,female,26.0,163.0,68.0,4300.0,5000.0,3. NON-PROFIT OR GOVERNMENT AGENCY,False,2400.0,2. PUBLIC TRANSPORT,30.0,150.0,1. LEFT-HANDED,62.0,False,9.0,1.0,True,7.0,4.0,10.0,45.0,True,False,0.0,25.59,Vancouver,300
2022/09/11 9:01:55 pm GMT-7,BABI,male,32.0,168.0,74.0,4000.0,6500.0,1. LARGE CORPORATION,False,,2. PUBLIC TRANSPORT,40.0,350.0,0. RIGHT-HANDED,40.0,False,9.5,0.0,False,8.0,2.0,2.0,40.0,True,True,0.0,26.22,Vancouver,300
2022/09/12 9:17:49 am GMT-7,BABI,male,63.0,170.0,70.0,2500.0,5000.0,1. LARGE CORPORATION,False,3500.0,2. PUBLIC TRANSPORT,100.0,100.0,0. RIGHT-HANDED,10.0,True,10.0,0.0,False,5.0,0.0,10.0,40.0,True,True,1.0,24.22,Vancouver,300
2022/09/12 7:45:58 pm GMT-7,BABI,male,27.0,180.0,87.0,4000.0,5000.0,1. LARGE CORPORATION,False,650.0,2. PUBLIC TRANSPORT,50.0,50.0,0. RIGHT-HANDED,86.0,False,11.0,0.0,False,8.0,10.0,20.0,40.0,True,True,2.0,26.85,Vancouver,300
2022/09/13 7:23:09 pm GMT-7,BABI,female,29.0,157.0,75.0,4410.0,5940.0,1. LARGE CORPORATION,False,2355.0,2. PUBLIC TRANSPORT,,500.0,0. RIGHT-HANDED,50.0,False,8.5,0.0,False,7.0,1.0,16.0,35.0,True,False,1.0,30.43,Vancouver,300
2022/09/14 8:42:12 pm GMT-7,BABI,female,26.0,161.0,55.0,3100.0,67000.0,1. LARGE CORPORATION,False,1200.0,2. PUBLIC TRANSPORT,,50.0,0. RIGHT-HANDED,65.0,False,9.0,1.0,False,,,4.0,0.0,True,True,2.0,21.22,Vancouver,300
2022/09/14 9:11:02 pm GMT-7,BABI,male,23.0,174.0,59.0,0.0,70000.0,1. LARGE CORPORATION,True,500.0,2. PUBLIC TRANSPORT,0.0,20.0,0. RIGHT-HANDED,55.0,False,9.88,0.0,False,5.0,9.0,15.0,25.0,True,True,1.0,19.49,Vancouver,300
2023/01/16 11:00:45 am GMT-8,BITMAN,male,25.0,170.0,81.0,1200.0,6000.0,1. LARGE CORPORATION,False,2000.0,3. DRIVE,400.0,500.0,0. RIGHT-HANDED,15.0,True,10.0,1.0,False,5.0,15.0,7.0,26.0,True,True,1.0,28.03,Burnaby,1500
2023/01/16 9:57:12 pm GMT-8,BITMAN,male,28.0,178.0,82.0,2.0,4000.0,2. SMALL COMPANY,False,1000.0,2. PUBLIC TRANSPORT,40.0,100.0,0. RIGHT-HANDED,36.0,False,10.0,0.0,False,7.0,4.0,5.0,20.0,True,True,0.0,25.88,Burnaby,1500
2023/01/23 10:30:38 pm GMT-8,BITMAN,male,26.0,181.0,83.0,2600.0,4000.0,1. LARGE CORPORATION,False,1500.0,1. WALK,0.0,500.0,0. RIGHT-HANDED,55.0,True,,10.0,False,6.5,7.0,16.0,20.0,True,True,1.0,25.34,Burnaby,1500
2023/03/08 8:36:17 pm GMT-8,BITMAN,female,28.0,158.0,49.0,3000.0,6500.0,1. LARGE CORPORATION,False,3700.0,2. PUBLIC TRANSPORT,0.0,700.0,2. AMBIDEXTROUS,45.0,False,91.0,15.0,False,9.0,1.0,20.0,15.0,True,False,2.0,19.63,Burnaby,1500
2023/09/07 12:59:17 pm GMT-7,BABI,male,34.0,185.0,81.0,5000.0,6000.0,1. LARGE CORPORATION,False,1200.0,3. DRIVE,50.0,200.0,0. RIGHT-HANDED,60.0,False,11.0,2.0,False,6.0,5.0,10.0,0.0,True,True,2.0,23.67,Vancouver,300
2023/09/08 3:09:23 pm GMT-7,BABI,female,26.0,163.0,58.0,6000.0,8000.0,1. LARGE CORPORATION,False,3000.0,2. PUBLIC TRANSPORT,30.0,500.0,0. RIGHT-HANDED,50.0,False,9.0,0.0,False,7.0,3.0,12.0,40.0,True,True,1.0,21.83,Vancouver,300
2023/09/08 5:44:58 pm GMT-7,BABI,female,26.0,168.0,52.0,2000.0,4000.0,1. LARGE CORPORATION,False,2000.0,2. PUBLIC TRANSPORT,50.0,200.0,0. RIGHT-HANDED,47.0,False,9.0,,False,8.0,5.5,10.0,,True,True,1.0,18.42,Vancouver,300
2023/09/09 6:22:47 pm GMT-7,BABI,female,27.0,154.0,60.0,4000.0,6000.0,1. LARGE CORPORATION,True,300.0,2. PUBLIC TRANSPORT,50.0,100.0,0. RIGHT-HANDED,50.0,False,9.0,0.0,False,6.0,15.0,10.0,40.0,True,True,0.0,25.3,Vancouver,300
2023/09/10 3:03:39 pm GMT-7,BABI,male,32.0,176.0,230.0,,6200.0,1. LARGE CORPORATION,False,1600.0,3. DRIVE,150.0,250.0,0. RIGHT-HANDED,63.0,False,10.83,5.0,True,7.0,8.0,5.0,37.0,True,True,2.0,74.25,Vancouver,300
2023/09/11 9:58:25 pm GMT-7,BABI,female,24.0,153.0,52.0,4000.0,5000.0,2. SMALL COMPANY,True,1600.0,2. PUBLIC TRANSPORT,80.0,50.0,0. RIGHT-HANDED,50.0,False,9.0,,False,7.0,10.0,10.0,50.0,True,True,1.0,22.21,Vancouver,300
2023/09/14 2:12:27 pm GMT-7,BABI,female,35.0,165.0,53.0,6500.0,11000.0,1. LARGE CORPORATION,False,3000.0,2. PUBLIC TRANSPORT,100.0,300.0,1. LEFT-HANDED,80.0,False,9.5,1.0,False,7.0,10.0,15.0,40.0,True,True,2.0,19.47,Vancouver,300
2023/09/14 3:01:49 pm GMT-7,BABI,male,36.0,179.0,70.0,6000.0,6500.0,3. NON-PROFIT OR GOVERNMENT AGENCY,False,3000.0,5. OTHER,50.0,,0. RIGHT-HANDED,50.0,False,12.0,0.0,False,8.0,1.0,10.0,20.0,True,True,0.0,21.85,Vancouver,300
2023/09/14 8:05:03 pm GMT-7,BABI,male,23.0,175.0,63.0,4500.0,5000.0,1. LARGE CORPORATION,True,2500.0,3. DRIVE,200.0,300.0,0. RIGHT-HANDED,50.0,False,10.0,0.0,False,8.0,10.0,12.0,0.0,True,False,0.0,20.57,Vancouver,300
2023/09/17 10:11:22 am GMT-7,BABI,male,26.0,180.0,94.0,0.0,4500.0,2. SMALL COMPANY,False,300.0,2. PUBLIC TRANSPORT,20.0,20.0,0. RIGHT-HANDED,40.0,True,9.5,1.0,True,8.0,35.0,7.0,12.0,False,True,2.0,29.01,Vancouver,300
2023/09/17 2:18:42 pm GMT-7,BABI,female,36.0,165.0,65.0,1000.0,80000.0,1. LARGE CORPORATION,False,1400.0,2. PUBLIC TRANSPORT,0.0,0.0,1. LEFT-HANDED,50.0,False,9.8,0.0,False,8.0,2.0,4.0,0.0,True,True,2.0,23.88,Vancouver,300
2023/09/21 5:22:08 pm GMT-7,BABI,male,34.0,174.0,75.0,10.0,8000.0,2. SMALL COMPANY,False,6000.0,2. PUBLIC TRANSPORT,40.0,500.0,0. RIGHT-HANDED,100.0,False,9.68,1.0,False,6.0,2.0,18.0,10.0,True,True,1.0,24.77,Vancouver,300
2023/10/16 11:51:36 pm GMT-7,BABI,male,28.0,180.0,91.0,4500.0,7000.0,1. LARGE CORPORATION,False,2000.0,2. PUBLIC TRANSPORT,100.0,200.0,0. RIGHT-HANDED,70.0,False,11.61,1.0,False,8.0,30.0,15.0,40.0,False,True,0.0,28.09,Vancouver,300
2024/01/09 4:52:33 pm GMT-8,BITMAN,,15.0,167.0,60.0,0.0,5000.0,1. LARGE CORPORATION,True,800.0,1. WALK,0.0,100.0,2. AMBIDEXTROUS,100.0,False,7.0,2.0,True,9.0,5.0,2.5,2.0,False,False,5.0,21.51,Burnaby,1500
2024/01/11 8:48:31 pm GMT-8,BMGT,male,27.0,175.0,70.0,4500.0,5000.0,2. SMALL COMPANY,True,2500.0,3. DRIVE,300.0,100.0,0. RIGHT-HANDED,66.0,False,9.0,0.0,False,6.0,10.0,7.0,0.0,True,True,1.0,22.86,Richmond,400
2024/01/13 12:10:41 pm GMT-8,BITMAN,female,27.0,153.0,48.0,2000.0,4000.0,3. NON-PROFIT OR GOVERNMENT AGENCY,False,1300.0,2. PUBLIC TRANSPORT,0.0,150.0,0. RIGHT-HANDED,60.0,False,9.0,0.0,False,7.0,20.0,40.0,20.0,True,False,1.0,20.5,Burnaby,1500
2024/09/07 2:41:11 pm GMT-7,BABI,male,23.0,185.0,81.0,3500.0,5500.0,1. LARGE CORPORATION,True,800.0,2. PUBLIC TRANSPORT,46.0,200.0,0. RIGHT-HANDED,45.0,False,10.5,0.0,False,9.0,15.0,20.0,20.0,True,True,1.0,23.67,Vancouver,300
2024/09/07 3:32:24 pm GMT-7,BABI,male,35.0,1.77,68.0,3000.0,6000.0,3. NON-PROFIT OR GOVERNMENT AGENCY,False,1600.0,1. WALK,0.0,110.0,0. RIGHT-HANDED,70.0,False,15.0,2.0,False,7.0,10.0,10.0,0.0,True,True,0.0,217051.29,Vancouver,300
2024/09/07 3:58:21 pm GMT-7,BABI,male,28.0,171.0,72.0,3600.0,4000.0,3. NON-PROFIT OR GOVERNMENT AGENCY,True,800.0,2. PUBLIC TRANSPORT,270.0,100.0,0. RIGHT-HANDED,40.0,False,10.4,1.0,True,6.5,5.0,12.0,37.5,True,True,0.0,24.62,Vancouver,300
2024/09/07 8:59:29 pm GMT-7,BABI,female,35.0,167.0,77.0,0.0,5000.0,3. NON-PROFIT OR GOVERNMENT AGENCY,False,5000.0,2. PUBLIC TRANSPORT,,80.0,0. RIGHT-HANDED,130.0,False,9.0,0.0,False,6.0,4.0,14.0,0.0,True,False,0.0,27.61,Vancouver,300
2024/09/08 3:03:26 pm GMT-7,BABI,male,24.0,174.0,65.0,5.0,6.0,1. LARGE CORPORATION,False,2500.0,2. PUBLIC TRANSPORT,50.0,200.0,0. RIGHT-HANDED,78.0,False,10.0,1.0,False,7.0,20.0,10.0,40.0,True,True,1.0,21.47,Vancouver,300
2024/09/08 3:35:34 pm GMT-7,BABI,male,54.0,165.0,88.0,68000.0,8000.0,3. NON-PROFIT OR GOVERNMENT AGENCY,True,2000.0,3. DRIVE,20.0,250.0,0. RIGHT-HANDED,90.0,False,10.0,0.0,False,6.0,1.0,5.0,40.0,True,False,2.0,32.32,Vancouver,300
2024/09/08 7:43:49 pm GMT-7,BABI,female,25.0,168.0,68.0,5000.0,5500.0,2. SMALL COMPANY,True,2000.0,3. DRIVE,120.0,70.0,0. RIGHT-HANDED,65.0,False,9.0,0.0,False,7.5,7.0,6.0,37.0,True,False,2.0,24.09,Vancouver,300
2024/09/09 3:20:17 pm GMT-7,BABI,male,35.0,178.0,82.0,5700.0,6500.0,3. NON-PROFIT OR GOVERNMENT AGENCY,False,2000.0,2. PUBLIC TRANSPORT,100.0,500.0,0. RIGHT-HANDED,100.0,False,10.6,2.0,False,7.0,1.5,20.0,25.0,True,False,1.0,25.88,Vancouver,300
2024/09/09 10:28:51 pm GMT-7,BABI,male,33.0,178.0,80.0,5600.0,7000.0,1. LARGE CORPORATION,True,1500.0,2. PUBLIC TRANSPORT,40.0,100.0,0. RIGHT-HANDED,45.0,False,10.0,1.0,False,6.0,20.0,7.0,40.0,True,True,0.0,25.25,Vancouver,300
2024/09/10 8:09:11 am GMT-7,BABI,female,46.0,168.0,55.0,7200.0,6000.0,1. LARGE CORPORATION,False,1500.0,5. OTHER,80.0,300.0,1. LEFT-HANDED,63.0,False,9.5,3.0,False,8.0,1.0,6.0,18.0,True,True,3.0,19.49,Vancouver,300
2024/09/11 4:21:54 pm GMT-7,BABI,female,28.0,165.0,47.0,4200.0,6000.0,1. LARGE CORPORATION,False,,2. PUBLIC TRANSPORT,,90.0,0. RIGHT-HANDED,40.0,False,10.0,0.0,True,6.0,20.0,20.0,0.0,True,True,0.0,17.26,Vancouver,300
2024/09/11 6:51:37 pm GMT-7,BABI,male,25.0,178.0,80.0,4000.0,5000.0,1. LARGE CORPORATION,False,2500.0,2. PUBLIC TRANSPORT,60.0,50.0,0. RIGHT-HANDED,42.0,False,,0.0,False,7.0,12.0,20.0,0.0,True,False,1.0,25.25,Vancouver,300
2024/09/14 5:20:17 pm GMT-7,BABI,male,23.0,182.0,79.0,0.0,2500.0,3. NON-PROFIT OR GOVERNMENT AGENCY,True,1000.0,3. DRIVE,50.0,100.0,0. RIGHT-HANDED,45.0,False,10.24,0.0,False,7.5,3.0,12.0,0.0,True,False,1.0,23.85,Vancouver,300
2024/09/15 8:11:26 am GMT-7,BABI,female,27.0,180.0,68.0,0.0,120000.0,3. NON-PROFIT OR GOVERNMENT AGENCY,False,1200.0,2. PUBLIC TRANSPORT,8.0,9.0,0. RIGHT-HANDED,1.0,False,5.0,0.0,False,7.0,3.0,9.0,0.0,True,True,1.0,20.99,Vancouver,300
2025/01/07 1:43:48 pm GMT-8,BITMAN,male,25.0,180.0,80.0,3500.0,5000.0,1. LARGE CORPORATION,False,1500.0,1. WALK,0.0,10.0,0. RIGHT-HANDED,50.0,False,10.0,0.0,False,6.0,1.0,10.0,1.0,True,True,1.5,24.69,Burnaby,1500
2025/01/07 1:44:24 pm GMT-8,BITMAN,male,33.0,170.0,72.0,3000.0,10.0,1. LARGE CORPORATION,False,5000.0,3. DRIVE,150.0,100.0,0. RIGHT-HANDED,40.0,False,,1.0,False,6.0,7.0,20.0,6.0,True,True,3.0,24.91,Burnaby,1500
2025/01/07 1:50:36 pm GMT-8,BITMAN,female,41.0,157.48,69.0,6.0,6.0,3. NON-PROFIT OR GOVERNMENT AGENCY,False,3.0,2. PUBLIC TRANSPORT,250.0,250.0,0. RIGHT-HANDED,68.0,False,9.5,0.0,False,6.0,15.0,35.0,20.0,True,True,2.0,27.82,Burnaby,1500
2025/01/07 2:18:24 pm GMT-8,BITMAN,male,28.0,175.0,73.0,52.0,55.0,1. LARGE CORPORATION,False,300.0,3. DRIVE,55.0,100.0,1. LEFT-HANDED,55.0,False,10.5,1.0,True,6.0,7.0,8.0,12.0,True,True,1.0,23.84,Burnaby,1500
2025/01/07 2:38:37 pm GMT-8,BITMAN,male,22.0,171.0,67.0,10000.0,6000.0,4. OTHER,False,1500.0,2. PUBLIC TRANSPORT,0.0,150.0,0. RIGHT-HANDED,40.0,False,26.0,0.0,False,6.0,5.0,10.0,0.0,True,True,1.0,22.91,Burnaby,1500
2025/01/09 11:12:12 am GMT-8,BMGT,female,27.0,168.0,68.0,1400.0,4000.0,1. LARGE CORPORATION,False,1200.0,2. PUBLIC TRANSPORT,150.0,10.0,0. RIGHT-HANDED,30.0,False,9.5,1.0,False,5.0,2.0,10.0,15.0,True,False,1.0,24.09,Richmond,400
2025/01/09 5:36:09 pm GMT-8,BABI,male,28.0,180.0,78.0,0.0,4000.0,1. LARGE CORPORATION,False,1200.0,2. PUBLIC TRANSPORT,50.0,200.0,0. RIGHT-HANDED,60.0,False,,2.0,False,7.0,10.0,10.0,20.0,True,False,1.0,24.07,Vancouver,300
2025/01/09 5:36:20 pm GMT-8,BABI,female,28.0,158.0,66.0,0.0,80.0,3. NON-PROFIT OR GOVERNMENT AGENCY,False,,2. PUBLIC TRANSPORT,8.0,40.0,0. RIGHT-HANDED,40.0,False,,0.0,False,8.0,3.0,18.0,0.0,True,True,0.0,26.44,Vancouver,300
2025/01/09 5:36:25 pm GMT-8,BABI,female,35.0,167.0,77.0,0.0,5000.0,3. NON-PROFIT OR GOVERNMENT AGENCY,False,5000.0,2. PUBLIC TRANSPORT,100.0,400.0,0. RIGHT-HANDED,200.0,False,9.0,0.0,False,6.0,14.0,28.0,0.0,True,True,0.0,27.61,Vancouver,300
2025/01/09 5:36:31 pm GMT-8,BABI,female,28.0,165.0,47.0,,2000.0,1. LARGE CORPORATION,False,,2. PUBLIC TRANSPORT,0.0,80.0,0. RIGHT-HANDED,34.0,False,9.5,0.0,True,6.5,14.0,14.0,0.0,True,False,0.0,17.26,Vancouver,300
2025/01/09 5:36:37 pm GMT-8,BABI,female,26.0,152.4,110.0,0.0,4000.0,1. LARGE CORPORATION,True,100.0,2. PUBLIC TRANSPORT,0.0,50.0,,,False,15.24,0.0,False,6.0,6.0,5.0,12.0,True,False,0.0,47.36,Vancouver,300
2025/01/09 5:36:48 pm GMT-8,BABI,male,35.0,1.77,68.0,6000.0,5000.0,3. NON-PROFIT OR GOVERNMENT AGENCY,False,2000.0,1. WALK,40.0,60.0,0. RIGHT-HANDED,70.0,False,10.0,1.0,True,8.0,10.0,10.0,0.0,True,True,1.0,217051.29,Vancouver,300
2025/01/09 5:36:58 pm GMT-8,BABI,female,26.0,25.4,70.3,4800.0,5800.0,2. SMALL COMPANY,True,1800.0,3. DRIVE,200.0,400.0,0. RIGHT-HANDED,70.0,False,6.0,0.0,False,8.0,12.0,8.0,37.5,True,False,2.0,1089.65,Vancouver,300
2025/01/09 5:36:58 pm GMT-8,BABI,,25.0,178.0,78.0,0.0,3500.0,1. LARGE CORPORATION,False,1000.0,2. PUBLIC TRANSPORT,35.0,50.0,0. RIGHT-HANDED,40.0,False,,0.0,False,7.0,12.0,25.0,15.0,True,False,1.0,24.62,Vancouver,300
2025/01/09 5:37:02 pm GMT-8,BABI,male,23.0,179.0,71.0,0.0,4200.0,2. SMALL COMPANY,True,0.0,2. PUBLIC TRANSPORT,20.0,0.0,1. LEFT-HANDED,0.0,False,11.0,0.0,False,6.5,35.0,16.0,0.0,True,False,0.0,22.16,Vancouver,300
2025/01/09 5:37:16 pm GMT-8,BABI,female,28.0,165.0,61.0,,,3. NON-PROFIT OR GOVERNMENT AGENCY,True,200.0,2. PUBLIC TRANSPORT,60.0,0.0,0. RIGHT-HANDED,30.0,False,,0.0,False,6.0,0.0,2.0,30.0,True,True,0.0,22.41,Vancouver,300
2025/01/09 5:37:27 pm GMT-8,BABI,male,36.0,178.0,82.0,5700.0,6500.0,3. NON-PROFIT OR GOVERNMENT AGENCY,False,2000.0,2. PUBLIC TRANSPORT,200.0,200.0,0. RIGHT-HANDED,80.0,False,10.0,2.0,False,8.0,4.0,15.0,20.0,True,True,2.0,25.88,Vancouver,300
2025/01/09 5:37:43 pm GMT-8,BABI,male,32.0,173.0,93.0,4400.0,7400.0,3. NON-PROFIT OR GOVERNMENT AGENCY,False,3200.0,3. DRIVE,80.0,400.0,0. RIGHT-HANDED,90.0,True,10.0,4.0,False,6.0,12.0,4.0,40.0,True,True,2.0,31.07,Vancouver,300
2025/01/09 5:38:01 pm GMT-8,BABI,male,29.0,171.0,73.0,3600.0,5000.0,1. LARGE CORPORATION,True,500.0,2. PUBLIC TRANSPORT,200.0,100.0,0. RIGHT-HANDED,40.0,False,9.0,0.0,True,6.0,5.0,8.0,37.5,True,True,0.5,24.96,Vancouver,300
2025/01/09 5:38:40 pm GMT-8,BABI,female,21.0,178.0,70.0,3000.0,5000.0,1. LARGE CORPORATION,False,2500.0,3. DRIVE,100.0,100.0,2. AMBIDEXTROUS,100.0,False,12.0,8.0,False,7.0,10.0,8.0,0.0,True,True,3.0,22.09,Vancouver,300
2025/01/09 5:38:52 pm GMT-8,GCBA,male,33.0,179.0,85.0,0.0,6500.0,3. NON-PROFIT OR GOVERNMENT AGENCY,True,1200.0,2. PUBLIC TRANSPORT,40.0,200.0,0. RIGHT-HANDED,35.0,False,9.0,0.0,False,6.0,25.0,8.0,0.0,True,True,0.0,26.53,Richmond,800
2025/01/09 5:38:57 pm GMT-8,BABI,male,24.0,172.0,53.0,5500.0,5500.0,1. LARGE CORPORATION,False,3000.0,2. PUBLIC TRANSPORT,40.0,250.0,0. RIGHT-HANDED,78.0,False,10.3,1.0,False,7.0,30.0,15.0,40.0,True,True,1.0,17.92,Vancouver,300
2025/01/09 5:38:59 pm GMT-8,BABI,male,24.0,187.0,81.0,2500.0,5000.0,1. LARGE CORPORATION,False,1500.0,2. PUBLIC TRANSPORT,50.0,200.0,0. RIGHT-HANDED,40.0,False,11.0,0.0,False,10.0,10.0,15.0,30.0,True,True,1.0,23.16,Vancouver,300
2025/01/09 5:39:12 pm GMT-8,BABI,male,30.0,175.0,65.0,5000.0,6000.0,1. LARGE CORPORATION,False,2000.0,2. PUBLIC TRANSPORT,45.0,100.0,0. RIGHT-HANDED,30.0,False,10.0,0.0,False,8.0,10.0,15.0,40.0,True,True,2.0,21.22,Vancouver,300
2025/01/09 5:40:13 pm GMT-8,BABI,male,33.0,167.0,64.0,3000.0,4500.0,2. SMALL COMPANY,False,1500.0,2. PUBLIC TRANSPORT,60.0,50.0,0. RIGHT-HANDED,115.0,False,9.5,4.0,False,7.0,25.0,20.0,38.0,True,True,1.0,22.95,Vancouver,300
2025/01/09 5:40:31 pm GMT-8,BABI,male,23.0,182.0,79.0,0.0,2000.0,3. NON-PROFIT OR GOVERNMENT AGENCY,False,1000.0,3. DRIVE,150.0,100.0,0. RIGHT-HANDED,45.0,False,11.0,0.0,False,7.0,10.0,14.0,0.0,True,False,1.0,23.85,Vancouver,300
2025/01/09 5:41:38 pm GMT-8,BABI,female,47.0,165.0,54.0,0.0,6700.0,4. OTHER,False,3000.0,2. PUBLIC TRANSPORT,200.0,500.0,1. LEFT-HANDED,63.0,False,9.5,6.0,False,8.0,1.0,16.0,20.0,True,True,3.0,19.83,Vancouver,300
2025/01/09 5:44:20 pm GMT-8,BABI,male,57.0,164.0,65.0,20000.0,6000.0,2. SMALL COMPANY,False,6000.0,5. OTHER,40.0,50.0,0. RIGHT-HANDED,65.0,False,8.0,1.0,False,8.0,1.0,30.0,0.0,True,True,0.0,24.17,Vancouver,300
2025/01/09 7:37:17 pm GMT-8,BABI,male,57.0,164.0,65.0,20000.0,6000.0,2. SMALL COMPANY,False,6000.0,5. OTHER,40.0,20.0,0. RIGHT-HANDED,65.0,False,8.0,1.0,False,8.0,1.0,30.0,0.0,True,True,0.0,24.17,Vancouver,300
2025/01/10 9:04:37 pm GMT-8,BITMAN,male,59.0,170.0,80.0,3500.0,6500.0,1. LARGE CORPORATION,False,4300.0,2. PUBLIC TRANSPORT,50.0,150.0,0. RIGHT-HANDED,80.0,False,10.0,0.0,False,6.0,0.0,20.0,0.0,True,True,2.0,27.68,Burnaby,1500
2025/01/16 2:34:47 pm GMT-8,MKTG,female,26.0,5.0,54.54,3100.0,3300.0,3. NON-PROFIT OR GOVERNMENT AGENCY,False,1200.0,3. DRIVE,300.0,10.0,0. RIGHT-HANDED,30.0,False,9.0,4.0,False,6.5,10.0,10.0,6.0,True,True,2.0,21816.0,Burnaby,200
2025/01/16 2:38:44 pm GMT-8,MKTG,male,25.0,177.0,68.0,2000.0,5000.0,1. LARGE CORPORATION,True,1200.0,3. DRIVE,300.0,500.0,0. RIGHT-HANDED,50.0,True,10.2,5.0,False,6.0,6.0,8.0,24.0,True,True,1.0,21.71,Burnaby,200
2025/01/16 2:44:32 pm GMT-8,MKTG,female,21.0,165.0,50.0,12.0,3000.0,2. SMALL COMPANY,False,2200.0,2. PUBLIC TRANSPORT,0.0,300.0,0. RIGHT-HANDED,80.0,False,9.0,2.0,False,7.0,20.0,30.0,0.0,True,False,0.0,18.37,Burnaby,200
2025/01/16 2:45:57 pm GMT-8,MKTG,female,20.0,158.0,32.0,2400.0,3000.0,1. LARGE CORPORATION,True,,3. DRIVE,240.0,300.0,0. RIGHT-HANDED,0.0,False,,,True,7.0,14.0,7.0,,True,False,,12.82,Burnaby,200
2025/01/16 2:46:48 pm GMT-8,BBA,male,22.0,176.784,74.0,0.0,3000.0,1. LARGE CORPORATION,False,500.0,2. PUBLIC TRANSPORT,0.0,100.0,1. LEFT-HANDED,86.0,False,6.0,1.0,False,7.0,11.0,5.0,24.0,True,False,4.0,23.68,Burnaby,900
2025/01/16 2:49:50 pm GMT-8,MKTG,female,22.0,165.1,48.5,0.0,80.0,1. LARGE CORPORATION,False,2.0,3. DRIVE,100.0,100.0,0. RIGHT-HANDED,0.0,True,,0.1,False,7.0,20.0,5.0,0.0,True,False,1.5,17.79,Burnaby,200
2025/01/16 2:49:53 pm GMT-8,MKTG,female,20.0,168.0,74.84,0.0,5.0,1. LARGE CORPORATION,True,800.0,3. DRIVE,160.0,40.0,0. RIGHT-HANDED,90.0,False,9.69,0.0,True,11.0,14.0,17.0,7.0,True,False,0.0,26.52,Burnaby,200
2025/01/16 2:53:53 pm GMT-8,MKTG,male,18.0,6.0,70.0,0.0,4000.0,2. SMALL COMPANY,True,0.0,3. DRIVE,190.0,0.0,0. RIGHT-HANDED,0.0,False,12.0,0.0,False,8.0,10.0,15.0,8.0,False,False,0.0,19444.44,Burnaby,200
2025/01/16 2:57:44 pm GMT-8,MKTG,male,20.0,165.0,77.0,0.0,70.0,1. LARGE CORPORATION,True,0.0,3. DRIVE,0.0,200.0,2. AMBIDEXTROUS,40.0,True,,0.0,False,7.0,12.0,8.0,0.0,True,True,1.0,28.28,Burnaby,200
2025/01/16 3:44:40 pm GMT-8,MKTG,female,19.0,168.0,63.0,,4800.0,1. LARGE CORPORATION,True,100.0,2. PUBLIC TRANSPORT,0.0,400.0,0. RIGHT-HANDED,0.0,False,9.6,1.0,False,7.0,6.0,8.0,0.0,False,False,1.0,22.32,Burnaby,200
2025/01/16 3:52:11 pm GMT-8,MKTG,female,21.0,159.0,45.0,0.0,,2. SMALL COMPANY,False,,2. PUBLIC TRANSPORT,,,0. RIGHT-HANDED,,False,,0.0,False,7.0,,,0.0,True,False,0.0,17.8,Burnaby,200
2025/01/16 4:41:58 pm GMT-8,MKTG,female,27.0,164.0,50.0,0.0,5000.0,3. NON-PROFIT OR GOVERNMENT AGENCY,False,3000.0,3. DRIVE,150.0,,0. RIGHT-HANDED,50.0,True,8.75,,False,9.0,3.0,10.0,0.0,True,True,1.0,18.59,Burnaby,200
2025/01/16 4:42:32 pm GMT-8,BMGT,male,21.0,178.0,66.0,0.0,3300.0,2. SMALL COMPANY,True,3900.0,3. DRIVE,700.0,0.0,0. RIGHT-HANDED,80.0,False,11.25,0.0,False,8.0,0.0,40.0,0.0,True,False,0.0,20.83,Richmond,400
2025/01/16 4:47:45 pm GMT-8,BABI,female,24.0,161.0,57.0,0.0,4000.0,1. LARGE CORPORATION,True,200.0,2. PUBLIC TRANSPORT,0.0,20.0,0. RIGHT-HANDED,0.0,False,8.0,1.0,False,8.0,30.0,25.0,8.0,True,True,0.0,21.99,Vancouver,300
2025/01/16 5:03:30 pm GMT-8,MKTG,female,29.0,162.0,70.0,3500.0,2600.0,1. LARGE CORPORATION,False,1500.0,2. PUBLIC TRANSPORT,50.0,150.0,0. RIGHT-HANDED,69.0,False,9.25,0.0,True,6.0,21.0,35.0,0.0,True,True,0.0,26.67,Burnaby,200
2025/01/16 6:46:46 pm GMT-8,BMGT,female,23.0,63.0,158.0,4000.0,5000.0,1. LARGE CORPORATION,False,,3. DRIVE,60.0,,0. RIGHT-HANDED,48.0,False,,0.0,True,7.5,,,,True,False,1.0,398.09,Richmond,400
2025/01/16 7:31:42 pm GMT-8,BABI,male,23.0,185.0,93.0,3700.0,3200.0,2. SMALL COMPANY,True,60.0,2. PUBLIC TRANSPORT,90.0,75.0,0. RIGHT-HANDED,50.0,False,9.0,1.0,False,7.0,5.0,10.0,8.0,True,True,0.0,27.17,Vancouver,300
2025/01/16 8:37:34 pm GMT-8,MKTG,male,24.0,170.0,81.0,5500.0,3500.0,1. LARGE CORPORATION,True,700.0,3. DRIVE,750.0,150.0,1. LEFT-HANDED,117.0,False,10.5,0.0,False,7.0,10.0,18.0,8.0,True,False,1.0,28.03,Burnaby,200
2025/01/16 11:11:41 pm GMT-8,MKTG,male,23.0,170.0,57.0,3000.0,5000.0,1. LARGE CORPORATION,True,750.0,2. PUBLIC TRANSPORT,50.0,30.0,0. RIGHT-HANDED,34.0,False,10.0,0.0,False,6.0,32.0,8.0,30.0,True,True,1.0,19.72,Burnaby,200
2025/01/17 6:25:04 am GMT-8,MKTG,male,26.0,168.0,80.0,0.0,800.0,2. SMALL COMPANY,False,4000.0,2. PUBLIC TRANSPORT,50.0,100.0,0. RIGHT-HANDED,30.0,False,9.0,2.0,False,7.0,5.0,6.0,0.0,True,False,1.0,28.34,Burnaby,200
2025/01/17 8:47:57 am GMT-8,BABI,male,21.0,183.0,71.0,4000.0,5000.0,1. LARGE CORPORATION,True,100.0,3. DRIVE,100.0,30.0,0. RIGHT-HANDED,0.0,False,10.5,0.0,False,7.5,20.0,4.0,5.0,True,False,0.5,21.2,Vancouver,300
2025/01/17 10:51:34 am GMT-8,BMGT,male,20.0,178.0,84.0,3000.0,6000.0,1. LARGE CORPORATION,True,300.0,3. DRIVE,150.0,100.0,0. RIGHT-HANDED,70.0,True,11.0,0.0,False,7.0,10.0,15.0,16.0,True,False,1.0,26.51,Richmond,400
2025/01/17 12:00:17 pm GMT-8,BBAD,female,22.0,172.0,57.0,0.0,4.0,1. LARGE CORPORATION,False,1.0,2. PUBLIC TRANSPORT,0.0,200.0,0. RIGHT-HANDED,50.0,False,9.0,4.0,False,7.0,15.0,10.0,12.0,True,True,2.0,19.27,Vancouver,600
2025/01/17 1:05:28 pm GMT-8,BABI,male,20.0,172.0,64.0,0.0,5000.0,1. LARGE CORPORATION,False,1400.0,2. PUBLIC TRANSPORT,0.0,300.0,0. RIGHT-HANDED,39.0,False,10.25,0.0,True,8.0,7.0,3.0,15.0,True,False,1.0,21.63,Vancouver,300
2025/01/18 12:53:57 pm GMT-8,BMGT,male,27.0,173.0,72.0,6000.0,6000.0,4. OTHER,False,2200.0,5. OTHER,180.0,50.0,0. RIGHT-HANDED,50.0,False,10.0,0.0,True,5.0,2.0,10.0,20.0,True,True,,24.06,Richmond,400
2025/01/18 11:44:28 pm GMT-8,BABI,female,29.0,165.0,62.0,3200.0,5000.0,1. LARGE CORPORATION,True,150.0,2. PUBLIC TRANSPORT,0.0,300.0,0. RIGHT-HANDED,25.0,False,,2.0,False,7.0,14.0,24.0,25.0,True,False,0.5,22.77,Vancouver,300
2025/01/19 4:47:16 pm GMT-8,BMGT,male,22.0,188.0,72.0,3200.0,5000.0,2. SMALL COMPANY,True,300.0,3. DRIVE,100.0,100.0,0. RIGHT-HANDED,0.0,False,11.0,8.0,False,8.0,24.0,10.0,0.0,True,False,1.0,20.37,Richmond,400
2025/01/19 7:41:28 pm GMT-8,BBAD,female,24.0,165.1,175.0,2000.0,5100.0,3. NON-PROFIT OR GOVERNMENT AGENCY,True,300.0,3. DRIVE,300.0,100.0,1. LEFT-HANDED,100.0,False,9.5,0.0,False,6.0,50.0,20.0,20.0,True,True,1.0,64.2,Vancouver,600
2025/01/19 8:09:31 pm GMT-8,BABI,female,21.0,167.0,165.0,0.0,5000.0,3. NON-PROFIT OR GOVERNMENT AGENCY,False,1000.0,2. PUBLIC TRANSPORT,0.0,20.0,0. RIGHT-HANDED,45.0,False,9.0,0.0,False,6.0,5.0,10.0,22.0,True,False,1.0,59.16,Vancouver,300
2025/01/19 10:24:34 pm GMT-8,BMGT,female,19.0,182.0,55.0,0.0,5500.0,2. SMALL COMPANY,True,1000.0,2. PUBLIC TRANSPORT,110.0,200.0,0. RIGHT-HANDED,35.0,False,9.9,0.0,False,5.0,12.0,30.0,24.0,True,False,1.0,16.6,Richmond,400
2025/01/20 10:55:29 am GMT-8,BMGT,female,22.0,157.0,55.0,0.0,2000.0,1. LARGE CORPORATION,True,750.0,3. DRIVE,400.0,200.0,0. RIGHT-HANDED,100.0,False,,1.0,True,8.0,3.0,4.0,16.0,True,True,2.0,22.31,Richmond,400
2025/01/20 11:33:05 am GMT-8,COMP,male,21.0,169.0,125.0,0.0,75000.0,1. LARGE CORPORATION,True,300.0,3. DRIVE,400.0,30.0,0. RIGHT-HANDED,70.0,False,10.3,0.0,False,7.0,40.0,,0.0,True,False,0.0,43.77,Burnaby,200
2025/01/20 10:43:04 pm GMT-8,BITMAN,female,23.0,157.0,73.0,0.0,5447.0,2. SMALL COMPANY,True,300.0,2. PUBLIC TRANSPORT,68.0,12.0,0. RIGHT-HANDED,0.0,False,8.5,1.0,True,6.0,4.0,21.0,0.0,True,True,0.0,29.62,Burnaby,1500
2025/01/23 9:33:54 am GMT-8,MKTG,female,18.0,170.0,119.2,0.0,1040.0,2. SMALL COMPANY,False,1350.0,2. PUBLIC TRANSPORT,47.0,20.0,0. RIGHT-HANDED,29.0,False,12.2,0.0,False,5.0,21.0,35.0,15.0,True,True,2.0,41.25,Burnaby,200
