Timestamp,program,gender,AGE,HEIGHT,WEIGHT,SALARY_OLD,SALARY_GRAD,DESIRE_WORK_ORG,PARENTS,EXPENSES,TRANSPORT,COST_TRANSPORTATION,COST_ENTERTAINMENT,HAND,CELL_PHONE,SMOKE,foot_size,alcohol,tattoo,sleep,social,homework,work,travel,tuition,coffee,BMI
2019/02/04 11:26:35 am GMT-8,HRMG,female,22.0,177.8,110,1400,4000,3. NON-PROFIT OR GOVERNMENT AGENCY,False,700,1. WALK,0,100,0. RIGHT-HANDED,68,False,11.12,0,True,8,10,10,0,True,False,0,34.8
2019/02/04 11:27:45 am GMT-8,HRMG,female,24.0,175,63,2000,3750,2. SMALL COMPANY,True,300,3. DRIVE,600,150,0. RIGHT-HANDED,60,False,9.5,0,True,8,7,20,0,True,True,2,20.57
2019/02/04 11:27:46 am GMT-8,HRMG,male,24.0,182.88,100,2000,3500,2. SMALL COMPANY,True,200,3. DRIVE,100,150,1. LEFT-HANDED,82,False,10.5,1,False,6,20,20,8,True,False,0,29.9
2019/02/04 11:29:06 am GMT-8,HRMG,female,34.0,5,61.3,2500,3500,1. LARGE CORPORATION,True,300,3. DRIVE,500,400,0. RIGHT-HANDED,70,False,7,0,True,7,14,20,0,True,False,1,24520.0
2019/02/04 11:29:12 am GMT-8,HRMG,female,24.0,160,54,0,3800,2. SMALL COMPANY,True,500,3. DRIVE,300,100,0. RIGHT-HANDED,90,False,8,0,False,6,6,11,0,True,True,1,21.09
2019/02/04 11:29:30 am GMT-8,HRMG,female,24.0,164,65,2500,5000,2. SMALL COMPANY,True,500,2. PUBLIC TRANSPORT,40,150,0. RIGHT-HANDED,55,False,9.25,0,False,7,20,25,0,True,True,0,24.17
2019/02/04 11:29:38 am GMT-8,HRMG,female,27.0,153,55,2300,3000,2. SMALL COMPANY,False,400,3. DRIVE,600,100,0. RIGHT-HANDED,120,False,6,0,True,7,8,25,12,True,True,1,23.5
2019/02/04 11:34:05 am GMT-8,HRMG,male,40.0,185,90,2000,4000,1. LARGE CORPORATION,False,3000,2. PUBLIC TRANSPORT,50,200,0. RIGHT-HANDED,80,False,13,0,True,7,3,14,0,True,False,3,26.3
2019/02/04 11:35:08 am GMT-8,HRMG,male,25.0,165,70.3,1300,1600,1. LARGE CORPORATION,True,300,3. DRIVE,50,100,0. RIGHT-HANDED,45,False,8.5,0,False,7,4,12,3.5,True,True,0.25,25.82
2019/02/04 11:36:01 am GMT-8,HRMG,female,25.0,163,52,38000,43000,1. LARGE CORPORATION,True,500,3. DRIVE,20,150,0. RIGHT-HANDED,45,False,9.5,0,False,6,20,20,8,True,False,2,19.57
2019/02/04 11:39:16 am GMT-8,HRMG,female,38.0,1.62,60,3000,3500,3. NON-PROFIT OR GOVERNMENT AGENCY,False,,2. PUBLIC TRANSPORT,41,,0. RIGHT-HANDED,56,True,9,0,False,5,14,,0,True,False,0,228623.69
2019/02/04 11:42:54 am GMT-8,HRMG,female,22.0,155.45,50,1600,2500,1. LARGE CORPORATION,False,500,2. PUBLIC TRANSPORT,0,30,0. RIGHT-HANDED,95,True,9.5,0,True,10,5,40,0,False,False,3,20.69
2019/02/04 11:44:47 am GMT-8,HRMG,female,24.0,165,58,0,3000,1. LARGE CORPORATION,True,1000,3. DRIVE,150,60,0. RIGHT-HANDED,0,False,14,0,False,7,25,40,8,True,False,1,21.3
2019/02/04 11:46:15 am GMT-8,HRMG,male,23.0,179,86,2500,3200,2. SMALL COMPANY,True,400,3. DRIVE,340,250,0. RIGHT-HANDED,60,False,10.25,5,False,7,2,24,8,False,True,3,26.84
2019/02/04 11:49:00 am GMT-8,HRMG,female,22.0,158,53,900,4000,4. OTHER,True,350,3. DRIVE,200,100,0. RIGHT-HANDED,0,False,9.25,3,False,6,14,30,6,False,False,1,21.23
2019/02/04 11:49:12 am GMT-8,HRMG,female,25.0,150,50,3500,4000,1. LARGE CORPORATION,True,500,2. PUBLIC TRANSPORT,100,140,0. RIGHT-HANDED,53.76,True,9,3,True,5,5,30,0,True,True,0,22.22
2019/02/04 2:31:07 pm GMT-8,HRMG,male,25.0,178,75,4,4,1. LARGE CORPORATION,False,1,1. WALK,0,200,0. RIGHT-HANDED,0,False,10,3,False,6,13,,0,True,True,4,23.67
2019/02/04 2:38:05 pm GMT-8,HRMG,female,30.0,165,99,3000.00,5000.00,2. SMALL COMPANY,False,800.00,3. DRIVE,200.00,200.00,0. RIGHT-HANDED,120.00,False,10.2,2,True,6,15,40,12,True,True,2,36.36
2019/02/04 2:40:15 pm GMT-8,HRMG,female,25.0,170,114,2,4,2. SMALL COMPANY,False,1,3. DRIVE,200,400,0. RIGHT-HANDED,120,True,9,24,True,7.5,14,24,8,True,False,1,39.45
2019/02/04 2:41:51 pm GMT-8,HRMG,male,32.0,176,170,0,3000,1. LARGE CORPORATION,True,800,2. PUBLIC TRANSPORT,0,10,0. RIGHT-HANDED,60,False,11,1,False,5,3,5,14,True,False,2,54.88
2019/02/04 2:41:57 pm GMT-8,HRMG,female,24.0,1.60,108,2800,4000,1. LARGE CORPORATION,False,1800,2. PUBLIC TRANSPORT,40,100,0. RIGHT-HANDED,70,False,6.5,0,False,6.5,12,25,3,True,False,1,421875.0
2019/02/04 2:44:01 pm GMT-8,HRMG,female,22.0,170.18,506,0,0,1. LARGE CORPORATION,True,600,3. DRIVE,200,10,0. RIGHT-HANDED,30,False,9.875,1,True,6,10,8,0,False,False,5,174.72
2019/02/04 2:44:50 pm GMT-8,HRMG,female,22.0,174,51,800,4000,1. LARGE CORPORATION,True,300,2. PUBLIC TRANSPORT,0,200,0. RIGHT-HANDED,125,True,10,3,False,8,14,20,12,True,False,1,16.85
2019/02/04 2:45:51 pm GMT-8,HRMG,female,23.0,163,49,1700,3000,3. NON-PROFIT OR GOVERNMENT AGENCY,True,200,3. DRIVE,120,100,0. RIGHT-HANDED,65,False,9,0,True,6,2,10,4,True,False,1,18.44
2019/02/04 2:47:12 pm GMT-8,HRMG,female,24.0,160,66,1600,3750,2. SMALL COMPANY,True,400,3. DRIVE,440,100,0. RIGHT-HANDED,100,False,9.5,0,True,6.5,3,12,0,True,False,2,25.78
2019/02/04 2:47:32 pm GMT-8,HRMG,female,23.0,157,66,2000,3750,1. LARGE CORPORATION,True,400,4. CARPOOL,0,50,0. RIGHT-HANDED,55,False,9.5,0,True,6.5,31.5,30,0,True,True,1,26.78
2019/02/04 2:49:25 pm GMT-8,HRMG,male,29.0,170,81,2400,4000,2. SMALL COMPANY,False,1000,2. PUBLIC TRANSPORT,40,100,0. RIGHT-HANDED,95,False,10.56,4,False,7,1.5,40,10,True,True,1,28.03
2019/02/04 2:49:29 pm GMT-8,HRMG,female,35.0,157,64,3900,4500,3. NON-PROFIT OR GOVERNMENT AGENCY,False,300,3. DRIVE,60,80,0. RIGHT-HANDED,50,True,9,3,False,7,1,36,7,True,False,0,25.96
2019/02/04 2:58:02 pm GMT-8,HRMG,male,26.0,170,155,1,40,2. SMALL COMPANY,False,900,1. WALK,0,50,0. RIGHT-HANDED,68,False,7,2,False,6,20,24,0,True,True,1,53.63
2019/02/05 6:58:22 pm GMT-8,BMGT,female,21.0,1.68,58,0,4000,1. LARGE CORPORATION,True,2000,3. DRIVE,800,1000,1. LEFT-HANDED,65,False,5,,False,8,40,8,8,True,False,,205498.87
2019/02/05 7:11:28 pm GMT-8,BMGT,female,24.0,161,52.1,0,4000,1. LARGE CORPORATION,False,1000,3. DRIVE,300,500,0. RIGHT-HANDED,60,False,9.06,0,False,8,14,7,20,True,True,0,20.1
2019/02/05 7:22:05 pm GMT-8,BMGT,,22.0,165,109,0,2500,1. LARGE CORPORATION,False,1000,2. PUBLIC TRANSPORT,0,30,0. RIGHT-HANDED,50,True,9.25,0,True,9,20,30,0,True,False,3,40.04
2019/02/06 3:29:26 pm GMT-8,BMGT,female,23.0,168,53,0,0,2. SMALL COMPANY,False,1000,2. PUBLIC TRANSPORT,50,300,0. RIGHT-HANDED,80,False,7,0,False,8,20,8,0,True,False,0,18.78
2019/02/06 8:15:54 pm GMT-8,BMGT,male,21.0,181,70,2100,6666,1. LARGE CORPORATION,False,2100,2. PUBLIC TRANSPORT,30,30,0. RIGHT-HANDED,50,False,,1,False,8,2,40,20,True,False,1,21.37
2019/02/06 10:23:29 pm GMT-8,BMGT,male,23.0,180,88,0,3000,2. SMALL COMPANY,False,1500,2. PUBLIC TRANSPORT,0,200,1. LEFT-HANDED,70,False,10,0,True,7,40,25,0,False,True,0,27.16
2019/02/08 4:51:12 am GMT-8,BMGT,female,35.0,160,50,3000,3000,3. NON-PROFIT OR GOVERNMENT AGENCY,False,1500,2. PUBLIC TRANSPORT,130,200,0. RIGHT-HANDED,60,False,,,False,7,1,10,20,True,False,2,19.53
2019/02/08 8:17:24 am GMT-8,BMGT,male,21.0,183,85,4400,6500,2. SMALL COMPANY,True,500,3. DRIVE,500,500,0. RIGHT-HANDED,120,False,12,10,True,7,1,30,30,True,True,2,25.38
2019/02/08 8:23:35 am GMT-8,BMGT,male,30.0,178,75,3500,4500,1. LARGE CORPORATION,False,2000,3. DRIVE,250,80,0. RIGHT-HANDED,77,False,10,3,False,7,1,15,0,True,True,2,23.67
2019/02/08 8:25:02 am GMT-8,BMGT,,23.0,195,110,5200,6000,4. OTHER,True,400,3. DRIVE,100,50,0. RIGHT-HANDED,85,False,12.2,0,True,5,2,20,8,False,False,0.5,28.93
2019/02/08 8:36:24 am GMT-8,BMGT,male,26.0,175,67,0,70000,4. OTHER,True,200,3. DRIVE,100,20,0. RIGHT-HANDED,74,False,,0,False,7,1,35,0,True,False,1,21.88
2019/02/08 8:37:16 am GMT-8,BMGT,male,23.0,71,111,3,,1. LARGE CORPORATION,True,400,3. DRIVE,300,200,0. RIGHT-HANDED,50,True,11,10,False,4,5,25,0,True,False,2,220.19
2019/02/08 8:45:15 am GMT-8,BMGT,female,20.0,165,54,2500,4,1. LARGE CORPORATION,True,400,2. PUBLIC TRANSPORT,40,150,0. RIGHT-HANDED,50,False,,0,False,5,35,15,16,True,True,1,19.83
2019/02/08 9:14:58 am GMT-8,BMGT,male,20.0,180,75,3800,5000,1. LARGE CORPORATION,True,350,3. DRIVE,120,350,0. RIGHT-HANDED,105,False,,0,False,5,6,28,24,True,False,0.5,23.15
2019/02/08 10:10:53 am GMT-8,BMGT,female,20.0,154,120,0,50,1. LARGE CORPORATION,True,50,2. PUBLIC TRANSPORT,50,20,0. RIGHT-HANDED,50,False,9,0,False,7,15,10,0,True,False,1,50.6
2019/02/08 10:18:10 am GMT-8,BMGT,male,19.0,175,63,0,50,1. LARGE CORPORATION,True,100,2. PUBLIC TRANSPORT,50,50,0. RIGHT-HANDED,100,False,10,0,False,8,10,5,0,True,False,0,20.57
2019/02/08 10:30:28 am GMT-8,BMGT,female,23.0,175,70,3300,4000,1. LARGE CORPORATION,True,1500,3. DRIVE,50,20,0. RIGHT-HANDED,40,False,10.4,0,False,7,5,15,0,True,False,0,22.86
2019/02/08 10:33:40 am GMT-8,BMGT,male,22.0,178,77,300,5000,1. LARGE CORPORATION,False,2000,2. PUBLIC TRANSPORT,50,50,2. AMBIDEXTROUS,50,False,25,0,False,8,30,4,8,True,False,1,24.3
2019/02/08 10:34:23 am GMT-8,BMGT,male,29.0,185,98,0,60,2. SMALL COMPANY,False,2200,3. DRIVE,150,130,0. RIGHT-HANDED,70,False,,0,False,6,6,5,10,True,True,1,28.63
2019/02/08 10:37:20 am GMT-8,BMGT,male,23.0,176,83,2500,5000,3. NON-PROFIT OR GOVERNMENT AGENCY,False,2000,3. DRIVE,1000,200,2. AMBIDEXTROUS,120,True,10.5,0,False,5,12,30,8,True,False,2,26.79
2019/02/08 10:38:29 am GMT-8,BMGT,female,30.0,158,56,2600,3200,2. SMALL COMPANY,True,2000,2. PUBLIC TRANSPORT,40,600,0. RIGHT-HANDED,,False,14,4,True,6.5,10,14,3,True,True,0,22.43
2019/02/08 10:40:15 am GMT-8,BMGT,,19.0,175,75,2500,6000,1. LARGE CORPORATION,True,500,2. PUBLIC TRANSPORT,40,100,0. RIGHT-HANDED,100,False,10.6,2,True,5,3,1,60,True,True,,24.49
2019/02/08 10:40:39 am GMT-8,BMGT,female,24.0,165,52,3750,5000,1. LARGE CORPORATION,True,200,3. DRIVE,680,210,0. RIGHT-HANDED,85,False,10.25,0,False,8,3,25,0,True,False,0,19.1
2019/02/08 10:42:24 am GMT-8,BMGT,male,46.0,1.78,90,10,5,1. LARGE CORPORATION,False,3,2. PUBLIC TRANSPORT,0,500,0. RIGHT-HANDED,320,True,10.2,3,False,7,0,10,0,True,True,3,284055.04
2019/02/08 10:42:25 am GMT-8,BMGT,female,28.0,158,57,2800,4000,1. LARGE CORPORATION,True,500,2. PUBLIC TRANSPORT,0,100,0. RIGHT-HANDED,75,False,9,1,False,7,4,25,0,True,True,1,22.83
2019/02/08 10:45:55 am GMT-8,BMGT,male,20.0,182,80,0,3750,2. SMALL COMPANY,True,300,3. DRIVE,100,100,0. RIGHT-HANDED,50,False,10.35,8,False,6,12,15,0,True,False,2,24.15
2019/02/08 10:48:56 am GMT-8,BMGT,male,24.0,180,81,2560,3520,2. SMALL COMPANY,False,900,2. PUBLIC TRANSPORT,80,400,0. RIGHT-HANDED,80,False,10.5,15,True,5.5,,12,10,True,False,,25.0
2019/02/08 10:50:48 am GMT-8,BMGT,female,23.0,170,69,2500,4500,4. OTHER,True,1500,3. DRIVE,200,100,2. AMBIDEXTROUS,90,False,9.6875,1,False,6,18,84,6,True,True,2,23.88
2019/02/08 10:51:40 am GMT-8,BMGT,male,26.0,190,77,3000,6200,1. LARGE CORPORATION,True,450,3. DRIVE,160,40,0. RIGHT-HANDED,60,True,11.25,8,False,6,2,7,6.5,True,True,4,21.33
2019/02/08 10:52:34 am GMT-8,BMGT,female,19.0,170.6,70.4,3800,4750,1. LARGE CORPORATION,True,150,3. DRIVE,380,,0. RIGHT-HANDED,0,False,9.8,3,True,8,3,30,16,True,True,1,24.19
2019/02/08 10:54:38 am GMT-8,BMGT,male,19.0,188,69,2000,3500,2. SMALL COMPANY,True,0,3. DRIVE,150,150,0. RIGHT-HANDED,55,False,10.6,4,False,7,10,20,5,True,False,1,19.52
2019/02/08 12:16:58 pm GMT-8,BMGT,female,19.0,168,62.3,0,3200,1. LARGE CORPORATION,False,1100,1. WALK,0,120,0. RIGHT-HANDED,45,True,7.5,3,True,6,,,0,True,True,0,22.07
2019/02/08 12:39:22 pm GMT-8,BMGT,female,26.0,165,48,0,3000,1. LARGE CORPORATION,False,800,2. PUBLIC TRANSPORT,100,500,0. RIGHT-HANDED,48,True,,,True,8,22,60,0,True,False,0,17.63
2019/02/11 11:36:09 am GMT-8,HRMG,female,27.0,175,74,3600,4500,4. OTHER,False,,5. OTHER,10,10,0. RIGHT-HANDED,85,False,,6,False,8,3,6,0,True,False,2,24.16
2019/02/14 8:22:04 pm GMT-8,BMGT,female,24.0,162,99,0,5000,1. LARGE CORPORATION,False,12000,3. DRIVE,500,3000,0. RIGHT-HANDED,140,True,40,0,False,7,3,5,0,True,False,0,37.72
2019/02/22 9:07:22 am GMT-8,BMGT,male,20.0,180,70,2500,4500,3. NON-PROFIT OR GOVERNMENT AGENCY,True,0,3. DRIVE,100,100,0. RIGHT-HANDED,80,False,10.5,1,False,7,4,12,0,True,False,1,21.6
2019/09/09 5:01:07 pm GMT-7,BABI,female,33.0,167,70,4000,4000,1. LARGE CORPORATION,False,2500,2. PUBLIC TRANSPORT,70,250,0. RIGHT-HANDED,120,True,9.68,0,False,7,1,0,40,False,True,0,25.1
2019/09/09 7:14:35 pm GMT-7,BABI,female,26.0,160,50,5200,,1. LARGE CORPORATION,True,1000,2. PUBLIC TRANSPORT,100,500,0. RIGHT-HANDED,100,False,,20,False,7,15,2,40,True,False,0,19.53
2019/09/09 7:14:53 pm GMT-7,BABI,male,29.0,180,65,4500,7000,1. LARGE CORPORATION,True,1000,3. DRIVE,1000,500,0. RIGHT-HANDED,50,False,10,0,False,7,5,10,40,True,True,3,20.06
2019/09/09 7:15:34 pm GMT-7,BABI,male,22.0,175,59,2600,3000,1. LARGE CORPORATION,True,150,3. DRIVE,10,300,0. RIGHT-HANDED,40,False,,3,False,8,21,2,40,True,False,3,19.27
2019/09/09 7:15:42 pm GMT-7,BABI,female,27.0,166,70,1600,2300,3. NON-PROFIT OR GOVERNMENT AGENCY,True,200,2. PUBLIC TRANSPORT,60,70,0. RIGHT-HANDED,45,False,11,0,False,7,10,0,40,True,False,3,25.4
2019/09/09 7:15:54 pm GMT-7,BABI,male,29.0,171,64,1600,2000,3. NON-PROFIT OR GOVERNMENT AGENCY,False,1800,2. PUBLIC TRANSPORT,40,100,1. LEFT-HANDED,72,False,,3,True,7,5,,50,True,False,3,21.89
2019/09/09 7:15:58 pm GMT-7,BABI,female,25.0,165,60,5000,5500,2. SMALL COMPANY,False,2000,1. WALK,0,100,0. RIGHT-HANDED,50,False,9,2,True,8,5,0,40,True,False,4,22.04
2019/09/09 7:16:01 pm GMT-7,BABI,male,27.0,180,70,0,5000,2. SMALL COMPANY,False,,1. WALK,0,1000,0. RIGHT-HANDED,90,False,,10,False,7,1,10,40,True,True,0,21.6
2019/09/09 7:16:04 pm GMT-7,BABI,male,24.0,175,108,52000,4500,3. NON-PROFIT OR GOVERNMENT AGENCY,True,400,2. PUBLIC TRANSPORT,30,50,0. RIGHT-HANDED,55,False,10,0,False,5,50,0,35,True,True,100,35.27
2019/09/09 7:16:10 pm GMT-7,BABI,male,34.0,191,113,8000,8000,1. LARGE CORPORATION,True,600,3. DRIVE,50,200,0. RIGHT-HANDED,70,False,34.5,0,False,8,1,5,37.5,True,True,1,30.98
2019/09/09 7:16:23 pm GMT-7,BABI,female,26.0,171,60,5000,6000,1. LARGE CORPORATION,False,500,2. PUBLIC TRANSPORT,140,500,0. RIGHT-HANDED,70,False,9.6,10,False,7,5,5,5,True,True,1,20.52
2019/09/09 7:17:03 pm GMT-7,BABI,male,28.0,178,86,4000,5000,2. SMALL COMPANY,False,1200,2. PUBLIC TRANSPORT,40,300,0. RIGHT-HANDED,50,False,13,5,False,7,7,10,40,True,True,2,27.14
2019/09/09 7:17:05 pm GMT-7,BABI,male,40.0,150,70,4000,8000,2. SMALL COMPANY,False,1800,2. PUBLIC TRANSPORT,100,10,2. AMBIDEXTROUS,40,True,10,2,True,8,2,0,30,True,True,1,31.11
2019/09/09 7:17:22 pm GMT-7,BABI,male,32.0,180,86,2800,5500,2. SMALL COMPANY,False,775,2. PUBLIC TRANSPORT,,30,0. RIGHT-HANDED,65,False,11,16,True,7,2,0,14,False,True,1,26.54
2019/09/09 7:17:41 pm GMT-7,BABI,male,24.0,168,72,4400,6000,2. SMALL COMPANY,False,1800,2. PUBLIC TRANSPORT,140,600,0. RIGHT-HANDED,64,False,10.43,12,False,8,14,14,40,True,False,1.5,25.51
2019/09/09 7:17:48 pm GMT-7,BABI,female,35.0,164,64,60000,4000,3. NON-PROFIT OR GOVERNMENT AGENCY,False,4000,3. DRIVE,65,500,0. RIGHT-HANDED,72,False,9.6,,False,7,2,0,35,True,True,.5,23.8
2019/09/09 7:17:55 pm GMT-7,BABI,female,26.0,164,64,3300,4000,2. SMALL COMPANY,False,1600,2. PUBLIC TRANSPORT,200,400,0. RIGHT-HANDED,60,False,9,10,True,6,8,4,37.5,False,True,2,23.8
2019/09/09 7:18:59 pm GMT-7,BABI,male,42.0,178,68,8000,10000,3. NON-PROFIT OR GOVERNMENT AGENCY,False,7000,3. DRIVE,50,200,0. RIGHT-HANDED,50,False,9,0,False,7,2,2,40,True,True,2,21.46
2019/09/09 9:01:44 pm GMT-7,BABI,female,27.0,155,46,3038,5000,1. LARGE CORPORATION,False,2500,3. DRIVE,200,200,0. RIGHT-HANDED,75,False,8.75,1,False,8,10,8,40,True,False,1,19.15
2020/08/30 3:50:44 pm GMT-7,BABI,,90.0,180,70,6000,7000,3. NON-PROFIT OR GOVERNMENT AGENCY,False,1500,5. OTHER,0,500,0. RIGHT-HANDED,30,False,10,4,False,7.5,7,10,32,True,False,2,21.6
2020/09/03 9:52:30 pm GMT-7,BABI,female,24.0,150,45,3000,4000,1. LARGE CORPORATION,True,2000,3. DRIVE,250,500,0. RIGHT-HANDED,75,False,8.7,0,False,7,10,20,40,True,True,1,20.0
2020/09/05 11:38:19 am GMT-7,BABI,female,30.0,165,60,2000,4000,3. NON-PROFIT OR GOVERNMENT AGENCY,False,500,1. WALK,20,100,0. RIGHT-HANDED,70,False,,0,False,8,1,10,40,True,True,1,22.04
2020/09/08 5:46:31 pm GMT-7,BABI,male,25.0,183,101,3000,5000,1. LARGE CORPORATION,True,200,2. PUBLIC TRANSPORT,0,30,0. RIGHT-HANDED,90,False,11,5,True,7,10,,20,False,False,1,30.16
2020/09/11 11:58:11 am GMT-7,BABI,male,25.0,181,70,3200,4000,2. SMALL COMPANY,False,1850,5. OTHER,80,60,0. RIGHT-HANDED,60,True,9,1,False,7,8,7,32,True,False,2,21.37
2020/09/12 4:04:48 am GMT-7,BABI,male,23.0,185,90,0,5000,3. NON-PROFIT OR GOVERNMENT AGENCY,True,200,2. PUBLIC TRANSPORT,40,50,0. RIGHT-HANDED,40,False,13,0,True,12,10,0,20,True,False,0,26.3
2020/09/13 9:07:54 pm GMT-7,BABI,female,25.0,161,64,2900,5400,1. LARGE CORPORATION,True,900,2. PUBLIC TRANSPORT,150,10,0. RIGHT-HANDED,50,False,9.3,0,False,8,10.5,35,0,True,True,0,24.69
2020/09/14 12:32:14 pm GMT-7,BABI,male,23.0,195,150,0,3500,2. SMALL COMPANY,False,1800,5. OTHER,0,40,0. RIGHT-HANDED,75,False,12.2,2,False,8,1,3,0,True,True,0,39.45
2020/09/14 8:22:31 pm GMT-7,BABI,male,25.0,178,80,0,4000,2. SMALL COMPANY,False,900,2. PUBLIC TRANSPORT,145,20,1. LEFT-HANDED,80,False,10,2,False,7,10,20,40,True,True,2,25.25
2020/09/14 8:23:18 pm GMT-7,BABI,male,24.0,170,83,2316,5,2. SMALL COMPANY,True,300,3. DRIVE,50,200,0. RIGHT-HANDED,250,False,10,0,True,5,8,40,40,True,True,3,28.72
2020/09/14 8:25:19 pm GMT-7,BABI,female,40.0,165,62,4000,6000,1. LARGE CORPORATION,False,1500,2. PUBLIC TRANSPORT,90,500,0. RIGHT-HANDED,75,True,9,4,True,7,15,0,35,True,True,1,22.77
2020/09/14 8:26:52 pm GMT-7,BMGT,male,25.0,175,80,2500,4000,2. SMALL COMPANY,False,300,3. DRIVE,250,100,0. RIGHT-HANDED,50,False,12.5,8,False,7,8,8,40,True,True,4,26.12
2020/09/14 8:27:02 pm GMT-7,BABI,male,24.0,187,195,0,0,1. LARGE CORPORATION,True,85,3. DRIVE,20,40,0. RIGHT-HANDED,75,False,10,0,False,8,4,2,5,True,True,1,55.76
2020/09/14 8:27:31 pm GMT-7,BABI,female,30.0,160,52,3500,5000,2. SMALL COMPANY,True,300,2. PUBLIC TRANSPORT,150,50,0. RIGHT-HANDED,50,False,9,0,False,7,7,8,40,True,True,1,20.31
2020/09/14 8:28:16 pm GMT-7,BABI,male,26.0,183,86,3,4,1. LARGE CORPORATION,False,2,5. OTHER,0,200,0. RIGHT-HANDED,60,False,8,0,False,8,15,35,40,True,True,1,25.68
2020/09/14 8:28:48 pm GMT-7,BABI,male,28.0,170,77,4200,4200,4. OTHER,False,2400,2. PUBLIC TRANSPORT,40,200,0. RIGHT-HANDED,60,False,10,7,True,8,2,0,8,True,False,5,26.64
2020/09/14 8:30:07 pm GMT-7,BABI,male,27.0,180,77,3750,4500,1. LARGE CORPORATION,False,2700,3. DRIVE,40,40,0. RIGHT-HANDED,60,True,9,0,False,7.5,8,12,40,True,True,1,23.77
2020/09/14 8:31:26 pm GMT-7,BABI,female,30.0,180,62,4500,5500,1. LARGE CORPORATION,False,2000,3. DRIVE,125,200,0. RIGHT-HANDED,100,False,8,0,False,8,4,5,40,True,True,0,19.14
2020/09/14 8:31:47 pm GMT-7,BABI,female,31.0,162,55,4000,5000,1. LARGE CORPORATION,False,1500,3. DRIVE,10,300,0. RIGHT-HANDED,43,False,9.625,1,False,8,8,10,40,True,True,1,20.96
2020/09/14 8:32:14 pm GMT-7,BABI,male,25.0,178,73,4000,5800,1. LARGE CORPORATION,True,400,3. DRIVE,450,50,0. RIGHT-HANDED,80,False,10,4,False,6,15,0,40,True,True,1,23.04
2020/09/14 8:35:40 pm GMT-7,BABI,male,27.0,179,70,0,4000,1. LARGE CORPORATION,True,1500,5. OTHER,0,300,0. RIGHT-HANDED,60,False,,10,False,7.5,0,4,12,True,False,0,21.85
2020/09/14 8:39:29 pm GMT-7,BABI,female,33.0,164,54,3833,,1. LARGE CORPORATION,False,2000,2. PUBLIC TRANSPORT,30,100,0. RIGHT-HANDED,60,False,8,0,False,8,10,10,40,False,True,1,20.08
2020/09/14 9:06:18 pm GMT-7,BMGT,male,29.0,178,75,0,10000,1. LARGE CORPORATION,True,1800,3. DRIVE,100,350,0. RIGHT-HANDED,60,False,9,1,False,6.5,40,40,40,True,True,0,23.67
2020/09/15 11:40:49 am GMT-7,BABI,female,41.0,166,78,4,6,3. NON-PROFIT OR GOVERNMENT AGENCY,False,1,2. PUBLIC TRANSPORT,134,55,0. RIGHT-HANDED,95,True,9.8,3,False,7,0,6,35.5,True,False,1,28.31
2020/09/16 7:02:41 pm GMT-7,BABI,male,29.0,165,54,1800,3800,2. SMALL COMPANY,True,500,2. PUBLIC TRANSPORT,100,60,0. RIGHT-HANDED,33,False,10,0,False,7,8,8,32,False,True,1,19.83
2020/09/19 9:04:56 pm GMT-7,BABI,female,35.0,158,65,2000,5000,1. LARGE CORPORATION,False,2300,2. PUBLIC TRANSPORT,90,200,0. RIGHT-HANDED,45,False,6.5,0,False,6,2,5,24,True,False,0,26.04
2020/09/22 1:24:16 pm GMT-7,BABI,female,33.0,164,54,4042,4041,2. SMALL COMPANY,False,1000,3. DRIVE,100,300,0. RIGHT-HANDED,65,False,7.5,0,False,7,10,10,40,True,True,1,20.08
2020/09/22 7:29:14 pm GMT-7,BABI,male,25.0,180,79,3900,4500,1. LARGE CORPORATION,False,1600,3. DRIVE,80,600,0. RIGHT-HANDED,95,False,10,8,False,6.75,5,12,45,True,True,2,24.38
2020/09/23 9:31:22 pm GMT-7,BMGT,male,24.0,170,73,2316,5000,2. SMALL COMPANY,True,300,3. DRIVE,200,300,0. RIGHT-HANDED,244,False,10,0,True,5,1,40,40,True,True,4,25.26
2020/09/27 9:01:24 am GMT-7,BABI,female,35.0,158,65,1500,3000,2. SMALL COMPANY,False,2000,2. PUBLIC TRANSPORT,100,300,0. RIGHT-HANDED,50,False,6,0,False,6,2,4,24,True,True,0,26.04
2020/09/28 10:46:56 am GMT-7,BABI,male,40.0,183,86,6000,6500,1. LARGE CORPORATION,False,3500,3. DRIVE,200,300,0. RIGHT-HANDED,75,False,10,0,False,6,1,25,20,True,True,1,25.68
2021/09/07 7:48:18 pm GMT-7,BABI,male,22.0,178,75,5500,7000,1. LARGE CORPORATION,False,2000,2. PUBLIC TRANSPORT,0,400,0. RIGHT-HANDED,67,False,10,1,False,7.5,8,3,40,False,True,2,23.67
2021/09/08 1:06:36 pm GMT-7,BABI,female,48.0,155,48,,,2. SMALL COMPANY,False,,3. DRIVE,100,100,0. RIGHT-HANDED,75,False,9.4,3,False,7,0,,30,True,True,1,19.98
2021/09/08 8:55:52 pm GMT-7,BABI,male,26.0,181,96,4800,5500,3. NON-PROFIT OR GOVERNMENT AGENCY,True,200,3. DRIVE,200,50,1. LEFT-HANDED,55,False,11,5,True,7,9,5,37.5,True,True,1.5,29.3
2021/09/09 3:31:49 pm GMT-7,BABI,female,34.0,150,64,0,3000,2. SMALL COMPANY,False,2500,2. PUBLIC TRANSPORT,175,60,0. RIGHT-HANDED,50,False,5,0,False,8,10,3,0,True,False,1,28.44
2021/09/09 6:30:34 pm GMT-7,BABI,male,24.0,172,165,4300,6000,1. LARGE CORPORATION,True,1400,3. DRIVE,50,20,0. RIGHT-HANDED,30,False,10,1,False,6,8,6,45,True,True,1,55.77
2021/09/09 6:36:23 pm GMT-7,BABI,male,28.0,175,148,0,8000,3. NON-PROFIT OR GOVERNMENT AGENCY,True,,2. PUBLIC TRANSPORT,0,0,0. RIGHT-HANDED,100,False,,0,False,7,10,12,0,True,False,2,48.33
2021/09/09 7:55:05 pm GMT-7,BABI,male,27.0,181,80,5000,7000,2. SMALL COMPANY,False,2500,2. PUBLIC TRANSPORT,35,25,0. RIGHT-HANDED,110,False,11,3,False,9,10,5,37,True,True,0,24.42
2021/09/11 12:23:18 pm GMT-7,BABI,male,28.0,168,67,0,6666,1. LARGE CORPORATION,False,2500,3. DRIVE,100,10,2. AMBIDEXTROUS,60,False,9.5,2,False,6,6,4,45,True,True,2,23.74
2021/09/11 7:33:08 pm GMT-7,BABI,female,34.0,152,47,4,5,3. NON-PROFIT OR GOVERNMENT AGENCY,True,400,2. PUBLIC TRANSPORT,20,20,0. RIGHT-HANDED,50,False,8.75,0,False,6,0.5,25,40,True,True,1,20.34
2021/09/13 2:42:47 pm GMT-7,BABI,female,29.0,163,50,3500,4000,1. LARGE CORPORATION,False,2000,3. DRIVE,70,400,0. RIGHT-HANDED,35,False,8.75,,False,8,5,8,40,True,True,1,18.82
2021/09/14 6:52:17 am GMT-7,BABI,female,27.0,170,65,4300,5300,2. SMALL COMPANY,False,1200,2. PUBLIC TRANSPORT,20,200,0. RIGHT-HANDED,60,False,10,2,True,7,7,3,40,True,False,2,22.49
2021/09/14 10:06:57 am GMT-7,BABI,female,36.0,167,57,7000,10000,1. LARGE CORPORATION,False,3000,3. DRIVE,100,200,0. RIGHT-HANDED,90,False,9,3,False,7.5,15,10,40,True,True,1,20.44
2021/09/14 4:54:38 pm GMT-7,BABI,female,32.0,180,54,3400,4000,3. NON-PROFIT OR GOVERNMENT AGENCY,False,,3. DRIVE,60,40,0. RIGHT-HANDED,75,True,6,5,True,7,1,8,35,True,False,1,16.67
2021/09/14 9:15:48 pm GMT-7,BABI,female,23.0,165,50,1000,5000,4. OTHER,False,500,1. WALK,20,50,0. RIGHT-HANDED,50,False,5,1,False,9,20,5,40,True,False,1,18.37
2021/09/16 1:54:34 am GMT-7,BABI,male,25.0,173,66,4600,6600,1. LARGE CORPORATION,False,1300,3. DRIVE,70,150,0. RIGHT-HANDED,45,False,8.5,0,False,8,3,20,40,True,True,1,22.05
2021/09/16 4:31:13 pm GMT-7,BABI,male,22.0,182,75,9,9,2. SMALL COMPANY,False,4000,3. DRIVE,200,500,0. RIGHT-HANDED,102,False,10.3,3,False,7,20,4,54,True,True,3,22.64
2021/09/16 5:36:50 pm GMT-7,BABI,male,31.0,195.58,113.4,5000,6500,1. LARGE CORPORATION,False,2500,2. PUBLIC TRANSPORT,22,100,0. RIGHT-HANDED,90,False,14,3,False,7,21,14,40,True,True,1,29.65
2021/09/16 7:55:58 pm GMT-7,BABI,female,30.0,163,61,2800,5000,1. LARGE CORPORATION,False,1000,2. PUBLIC TRANSPORT,30,200,0. RIGHT-HANDED,51,False,9.5,0,True,7,8,15,40,True,True,1,22.96
2022/01/07 1:55:59 pm GMT-8,BITMAN,male,23.0,180.40,86.18,3,4,2. SMALL COMPANY,True,200,3. DRIVE,250,200,0. RIGHT-HANDED,50,False,132,2,False,8,2,2,,False,False,0,26.48
2022/01/17 9:14:32 pm GMT-8,BITMAN,male,21.0,188,100,2200,4000,1. LARGE CORPORATION,True,800,3. DRIVE,150,200,0. RIGHT-HANDED,80,False,11,2,True,8,6,20,20,True,False,0,28.29
2022/08/31 10:58:48 pm GMT-7,BABI,female,25.0,166,65,2400,4000,1. LARGE CORPORATION,False,2000,2. PUBLIC TRANSPORT,30,100,0. RIGHT-HANDED,75,False,9,0,False,7,7,7,37.5,True,True,1,23.59
2022/09/06 1:06:05 pm GMT-7,BABI,male,26.0,220,75,3300,5000,1. LARGE CORPORATION,False,800,3. DRIVE,100,100,0. RIGHT-HANDED,45,False,8,0,False,7,30,28,16,True,False,1,15.5
2022/09/07 1:31:18 pm GMT-7,BABI,male,43.0,175,78,,,4. OTHER,False,2000,3. DRIVE,100,400,0. RIGHT-HANDED,63,False,9.5,3,False,8,2,4,45,True,True,,25.47
2022/09/07 6:13:32 pm GMT-7,BABI,male,28.0,180,180,4000,5000,1. LARGE CORPORATION,True,800,2. PUBLIC TRANSPORT,50,60,0. RIGHT-HANDED,90,False,10,0,False,6,0.5,6,40,True,True,0,55.56
2022/09/08 12:41:04 pm GMT-7,BABI,male,47.0,178,75,5000,7000,3. NON-PROFIT OR GOVERNMENT AGENCY,False,4000,3. DRIVE,100,200,0. RIGHT-HANDED,45,False,10,2,False,6,1,10,40,True,True,2,23.67
2022/09/08 1:57:13 pm GMT-7,BABI,male,30.0,170,64,3000.00,4000.00,2. SMALL COMPANY,False,1000,2. PUBLIC TRANSPORT,50,500,0. RIGHT-HANDED,50,False,9,0,False,5,35,35,37.5,True,True,0,22.15
2022/09/08 7:33:55 pm GMT-7,BABI,female,29.0,170,58,3,4,1. LARGE CORPORATION,False,3,2. PUBLIC TRANSPORT,50,100,0. RIGHT-HANDED,100,False,10,8,True,7,8,20,10,True,False,2,20.07
2022/09/08 10:53:12 pm GMT-7,BABI,female,30.0,157,68,1400,3000,1. LARGE CORPORATION,False,400,2. PUBLIC TRANSPORT,16,20,0. RIGHT-HANDED,64,False,9.6,2,False,8,2,1,0,True,False,2,27.59
2022/09/09 9:39:32 am GMT-7,BABI,female,37.0,172.72,56.36,4000,5000,1. LARGE CORPORATION,False,4000,2. PUBLIC TRANSPORT,50,20,0. RIGHT-HANDED,55,False,9.25,3,False,6,3,3,40,True,True,1,18.89
2022/09/09 11:05:11 am GMT-7,BABI,female,33.0,147,43,5779,8000,1. LARGE CORPORATION,False,2000,2. PUBLIC TRANSPORT,,300,1. LEFT-HANDED,55,False,9,2,True,7,10,5,40,True,False,1,19.9
2022/09/09 4:19:38 pm GMT-7,BABI,female,38.0,157,44,6000,7000,3. NON-PROFIT OR GOVERNMENT AGENCY,False,2500,2. PUBLIC TRANSPORT,100,200,0. RIGHT-HANDED,65,False,,0,False,6,7,10,40,True,True,2,17.85
2022/09/10 4:58:17 pm GMT-7,BABI,male,25.0,175,77,5833,8600,2. SMALL COMPANY,False,2700,2. PUBLIC TRANSPORT,15,200,0. RIGHT-HANDED,47,False,10.5,2,True,7,7,10,50,True,True,1,25.14
2022/09/10 11:59:29 pm GMT-7,BABI,female,26.0,162,68,1200,3750,2. SMALL COMPANY,True,0,3. DRIVE,50,30,0. RIGHT-HANDED,82,False,9.5,0,False,6,49,30,20,True,False,0,25.91
2022/09/11 6:29:33 pm GMT-7,BABI,male,25.0,164,47,0,5500,2. SMALL COMPANY,True,150,2. PUBLIC TRANSPORT,50,100,0. RIGHT-HANDED,35,False,9.4,0,False,7,10,5,28,True,False,0,17.47
2022/09/11 7:56:29 pm GMT-7,BABI,female,26.0,163,68,4300,5000,3. NON-PROFIT OR GOVERNMENT AGENCY,False,2400,2. PUBLIC TRANSPORT,30,150,1. LEFT-HANDED,62,False,9,1,True,7,4,10,45,True,False,0,25.59
2022/09/11 9:01:55 pm GMT-7,BABI,male,32.0,168,74,4000,6500,1. LARGE CORPORATION,False,,2. PUBLIC TRANSPORT,40,350,0. RIGHT-HANDED,40,False,9.5,0,False,8,2,2,40,True,True,0,26.22
2022/09/12 9:17:49 am GMT-7,BABI,male,63.0,170,70,2500,5000,1. LARGE CORPORATION,False,3500,2. PUBLIC TRANSPORT,100,100,0. RIGHT-HANDED,10,True,10,0,False,5,0,10,40,True,True,1,24.22
2022/09/12 7:45:58 pm GMT-7,BABI,male,27.0,180,87,4000,5000,1. LARGE CORPORATION,False,650,2. PUBLIC TRANSPORT,50,50,0. RIGHT-HANDED,86,False,11,0,False,8,10,20,40,True,True,2,26.85
2022/09/13 7:23:09 pm GMT-7,BABI,female,29.0,157,75,4410,5940,1. LARGE CORPORATION,False,2355,2. PUBLIC TRANSPORT,,500,0. RIGHT-HANDED,50,False,8.5,0,False,7,1,16,35,True,False,1,30.43
2022/09/14 8:42:12 pm GMT-7,BABI,female,26.0,161,55,3100,67000,1. LARGE CORPORATION,False,1200,2. PUBLIC TRANSPORT,,50,0. RIGHT-HANDED,65,False,9,1,False,,,4,0,True,True,2,21.22
2022/09/14 9:11:02 pm GMT-7,BABI,male,23.0,174,59,0,70000,1. LARGE CORPORATION,True,500,2. PUBLIC TRANSPORT,0,20,0. RIGHT-HANDED,55,False,9.88,0,False,5,9,15,25,True,True,1,19.49
2023/01/16 11:00:45 am GMT-8,BITMAN,male,25.0,170,81,1200,6000,1. LARGE CORPORATION,False,2000,3. DRIVE,400,500,0. RIGHT-HANDED,15,True,10,1,False,5,15,7,26,True,True,1,28.03
2023/01/16 9:57:12 pm GMT-8,BITMAN,male,28.0,178,82,2,4000,2. SMALL COMPANY,False,1000,2. PUBLIC TRANSPORT,40,100,0. RIGHT-HANDED,36,False,10,0,False,7,4,5,20,True,True,0,25.88
2023/01/23 10:30:38 pm GMT-8,BITMAN,male,26.0,181,83,2600,4000,1. LARGE CORPORATION,False,1500,1. WALK,0,500,0. RIGHT-HANDED,55,True,,10,False,6.5,7,16,20,True,True,1,25.34
2023/03/08 8:36:17 pm GMT-8,BITMAN,female,28.0,158,49,3000,6500,1. LARGE CORPORATION,False,3700,2. PUBLIC TRANSPORT,0,700,2. AMBIDEXTROUS,45,False,91,15,False,9,1,20,15,True,False,2,19.63
2023/09/07 12:59:17 pm GMT-7,BABI,male,34.0,185,81,5000,6000,1. LARGE CORPORATION,False,1200,3. DRIVE,50,200,0. RIGHT-HANDED,60,False,11,2,False,6,5,10,0,True,True,2,23.67
2023/09/08 3:09:23 pm GMT-7,BABI,female,26.0,163,58,6000,8000,1. LARGE CORPORATION,False,3000,2. PUBLIC TRANSPORT,30,500,0. RIGHT-HANDED,50,False,9,0,False,7,3,12,40,True,True,1,21.83
2023/09/08 5:44:58 pm GMT-7,BABI,female,26.0,168,52,2000,4000,1. LARGE CORPORATION,False,2000,2. PUBLIC TRANSPORT,50,200,0. RIGHT-HANDED,47,False,9,,False,8,5.5,10,,True,True,1,18.42
2023/09/09 6:22:47 pm GMT-7,BABI,female,27.0,154,60,4000,6000,1. LARGE CORPORATION,True,300,2. PUBLIC TRANSPORT,50,100,0. RIGHT-HANDED,50,False,9,0,False,6,15,10,40,True,True,0,25.3
2023/09/10 3:03:39 pm GMT-7,BABI,male,32.0,176,230,,6200,1. LARGE CORPORATION,False,1600,3. DRIVE,150,250,0. RIGHT-HANDED,63,False,10.83,5,True,7,8,5,37,True,True,2,74.25
2023/09/11 9:58:25 pm GMT-7,BABI,female,24.0,153,52,4000,5000,2. SMALL COMPANY,True,1600,2. PUBLIC TRANSPORT,80,50,0. RIGHT-HANDED,50,False,9,,False,7,10,10,50,True,True,1,22.21
2023/09/14 2:12:27 pm GMT-7,BABI,female,35.0,165,53,6500,11000,1. LARGE CORPORATION,False,3000,2. PUBLIC TRANSPORT,100,300,1. LEFT-HANDED,80,False,9.5,1,False,7,10,15,40,True,True,2,19.47
2023/09/14 3:01:49 pm GMT-7,BABI,male,36.0,179,70,6000,6500,3. NON-PROFIT OR GOVERNMENT AGENCY,False,3000,5. OTHER,50,,0. RIGHT-HANDED,50,False,12,0,False,8,1,10,20,True,True,0,21.85
2023/09/14 8:05:03 pm GMT-7,BABI,male,23.0,175,63,4500,5000,1. LARGE CORPORATION,True,2500,3. DRIVE,200,300,0. RIGHT-HANDED,50,False,10,0,False,8,10,12,0,True,False,0,20.57
2023/09/17 10:11:22 am GMT-7,BABI,male,26.0,180,94,0,4500,2. SMALL COMPANY,False,300,2. PUBLIC TRANSPORT,20,20,0. RIGHT-HANDED,40,True,9.5,1,True,8,35,7,12,False,True,2,29.01
2023/09/17 2:18:42 pm GMT-7,BABI,female,36.0,165,65,1000,80000,1. LARGE CORPORATION,False,1400,2. PUBLIC TRANSPORT,0,0,1. LEFT-HANDED,50,False,9.8,0,False,8,2,4,0,True,True,2,23.88
2023/09/21 5:22:08 pm GMT-7,BABI,male,34.0,174,75,10,8000,2. SMALL COMPANY,False,6000,2. PUBLIC TRANSPORT,40,500,0. RIGHT-HANDED,100,False,9.68,1,False,6,2,18,10,True,True,1,24.77
2023/10/16 11:51:36 pm GMT-7,BABI,male,28.0,180,91,4500,7000,1. LARGE CORPORATION,False,2000,2. PUBLIC TRANSPORT,100,200,0. RIGHT-HANDED,70,False,11.61,1,False,8,30,15,40,False,True,0,28.09
2024/01/09 4:52:33 pm GMT-8,BITMAN,,15.0,167,60,0,5000,1. LARGE CORPORATION,True,800,1. WALK,0,100,2. AMBIDEXTROUS,100,False,7,2,True,9,5,2.5,2,False,False,5,21.51
2024/01/11 8:48:31 pm GMT-8,BMGT,male,27.0,175,70,4500,5000,2. SMALL COMPANY,True,2500,3. DRIVE,300,100,0. RIGHT-HANDED,66,False,9,0,False,6,10,7,0,True,True,1,22.86
2024/01/13 12:10:41 pm GMT-8,BITMAN,female,27.0,153,48,2000,4000,3. NON-PROFIT OR GOVERNMENT AGENCY,False,1300,2. PUBLIC TRANSPORT,0,150,0. RIGHT-HANDED,60,False,9,0,False,7,20,40,20,True,False,1,20.5
2024/09/07 2:41:11 pm GMT-7,BABI,male,23.0,185,81,3500,5500,1. LARGE CORPORATION,True,800,2. PUBLIC TRANSPORT,46,200,0. RIGHT-HANDED,45,False,10.5,0,False,9,15,20,20,True,True,1,23.67
2024/09/07 3:32:24 pm GMT-7,BABI,male,35.0,1.77,68,3000,6000,3. NON-PROFIT OR GOVERNMENT AGENCY,False,1600,1. WALK,0,110,0. RIGHT-HANDED,70,False,15,2,False,7,10,10,0,True,True,0,217051.29
2024/09/07 3:58:21 pm GMT-7,BABI,male,28.0,171,72,3600,4000,3. NON-PROFIT OR GOVERNMENT AGENCY,True,800,2. PUBLIC TRANSPORT,270,100,0. RIGHT-HANDED,40,False,10.4,1,True,6.5,5,12,37.5,True,True,0,24.62
2024/09/07 8:59:29 pm GMT-7,BABI,female,35.0,167,77,0,5000,3. NON-PROFIT OR GOVERNMENT AGENCY,False,5000,2. PUBLIC TRANSPORT,,80,0. RIGHT-HANDED,130,False,9,0,False,6,4,14,0,True,False,0,27.61
2024/09/08 3:03:26 pm GMT-7,BABI,male,24.0,174,65,5,6,1. LARGE CORPORATION,False,2500,2. PUBLIC TRANSPORT,50,200,0. RIGHT-HANDED,78,False,10,1,False,7,20,10,40,True,True,1,21.47
2024/09/08 3:35:34 pm GMT-7,BABI,male,54.0,165,88,68000,8000,3. NON-PROFIT OR GOVERNMENT AGENCY,True,2000,3. DRIVE,20,250,0. RIGHT-HANDED,90,False,10,0,False,6,1,5,40,True,False,2,32.32
2024/09/08 7:43:49 pm GMT-7,BABI,female,25.0,168,68,5000,5500,2. SMALL COMPANY,True,2000,3. DRIVE,120,70,0. RIGHT-HANDED,65,False,9,0,False,7.5,7,6,37,True,False,2,24.09
2024/09/09 3:20:17 pm GMT-7,BABI,male,35.0,178,82,5700,6500,3. NON-PROFIT OR GOVERNMENT AGENCY,False,2000,2. PUBLIC TRANSPORT,100,500,0. RIGHT-HANDED,100,False,10.6,2,False,7,1.5,20,25,True,False,1,25.88
2024/09/09 10:28:51 pm GMT-7,BABI,male,33.0,178,80,5600,7000,1. LARGE CORPORATION,True,1500,2. PUBLIC TRANSPORT,40,100,0. RIGHT-HANDED,45,False,10,1,False,6,20,7,40,True,True,0,25.25
2024/09/10 8:09:11 am GMT-7,BABI,female,46.0,168,55,7200,6000,1. LARGE CORPORATION,False,1500,5. OTHER,80,300,1. LEFT-HANDED,63,False,9.5,3,False,8,1,6,18,True,True,3,19.49
2024/09/11 4:21:54 pm GMT-7,BABI,female,28.0,165,47,4200,6000,1. LARGE CORPORATION,False,,2. PUBLIC TRANSPORT,,90,0. RIGHT-HANDED,40,False,10,0,True,6,20,20,0,True,True,0,17.26
2024/09/11 6:51:37 pm GMT-7,BABI,male,25.0,178,80,4000,5000,1. LARGE CORPORATION,False,2500,2. PUBLIC TRANSPORT,60,50,0. RIGHT-HANDED,42,False,,0,False,7,12,20,0,True,False,1,25.25
2024/09/14 5:20:17 pm GMT-7,BABI,male,23.0,182,79,0,2500,3. NON-PROFIT OR GOVERNMENT AGENCY,True,1000,3. DRIVE,50,100,0. RIGHT-HANDED,45,False,10.24,0,False,7.5,3,12,0,True,False,1,23.85
2024/09/15 8:11:26 am GMT-7,BABI,female,27.0,180,68,0,120000,3. NON-PROFIT OR GOVERNMENT AGENCY,False,1200,2. PUBLIC TRANSPORT,8,9,0. RIGHT-HANDED,1,False,5,0,False,7,3,9,0,True,True,1,20.99
2025/01/07 1:43:48 pm GMT-8,BITMAN,male,25.0,180,80,3500,5000,1. LARGE CORPORATION,False,1500,1. WALK,0,10,0. RIGHT-HANDED,50,False,10,0,False,6,1,10,1,True,True,1.5,24.69
2025/01/07 1:44:24 pm GMT-8,BITMAN,male,33.0,170,72,3000,10,1. LARGE CORPORATION,False,5000,3. DRIVE,150,100,0. RIGHT-HANDED,40,False,,1,False,6,7,20,6,True,True,3,24.91
2025/01/07 1:50:36 pm GMT-8,BITMAN,female,41.0,157.48,69,6,6,3. NON-PROFIT OR GOVERNMENT AGENCY,False,3,2. PUBLIC TRANSPORT,250,250,0. RIGHT-HANDED,68,False,9.5,0,False,6,15,35,20,True,True,2,27.82
2025/01/07 2:18:24 pm GMT-8,BITMAN,male,28.0,175,73,52,55,1. LARGE CORPORATION,False,300,3. DRIVE,55,100,1. LEFT-HANDED,55,False,10.5,1,True,6,7,8,12,True,True,1,23.84
2025/01/07 2:38:37 pm GMT-8,BITMAN,male,22.0,171,67,10000,6000,4. OTHER,False,1500,2. PUBLIC TRANSPORT,0,150,0. RIGHT-HANDED,40,False,26,0,False,6,5,10,0,True,True,1,22.91
2025/01/09 11:12:12 am GMT-8,BMGT,female,27.0,168,68,1400,4000,1. LARGE CORPORATION,False,1200,2. PUBLIC TRANSPORT,150,10,0. RIGHT-HANDED,30,False,9.5,1,False,5,2,10,15,True,False,1,24.09
2025/01/09 5:36:09 pm GMT-8,BABI,male,28.0,180,78,0,4000,1. LARGE CORPORATION,False,1200,2. PUBLIC TRANSPORT,50,200,0. RIGHT-HANDED,60,False,,2,False,7,10,10,20,True,False,1,24.07
2025/01/09 5:36:20 pm GMT-8,BABI,female,28.0,158,66,0,80,3. NON-PROFIT OR GOVERNMENT AGENCY,False,,2. PUBLIC TRANSPORT,08,40,0. RIGHT-HANDED,40,False,,0,False,8,3,18,0,True,True,0,26.44
2025/01/09 5:36:25 pm GMT-8,BABI,female,35.0,167,77,0,5000,3. NON-PROFIT OR GOVERNMENT AGENCY,False,5000,2. PUBLIC TRANSPORT,100,400,0. RIGHT-HANDED,200,False,9,0,False,6,14,28,0,True,True,0,27.61
2025/01/09 5:36:31 pm GMT-8,BABI,female,28.0,165,47,,2000,1. LARGE CORPORATION,False,,2. PUBLIC TRANSPORT,0,80,0. RIGHT-HANDED,34,False,9.5,0,True,6.5,14,14,0,True,False,0,17.26
2025/01/09 5:36:37 pm GMT-8,BABI,female,26.0,152.4,110,0,4000,1. LARGE CORPORATION,True,100,2. PUBLIC TRANSPORT,0,50,,,False,15.24,0,False,6,6,5,12,True,False,0,47.36
2025/01/09 5:36:48 pm GMT-8,BABI,male,35.0,1.77,68,6000,5000,3. NON-PROFIT OR GOVERNMENT AGENCY,False,2000,1. WALK,40,60,0. RIGHT-HANDED,70,False,10,1,True,8,10,10,0,True,True,1,217051.29
2025/01/09 5:36:58 pm GMT-8,BABI,female,26.0,25.4,70.3,4800,5800,2. SMALL COMPANY,True,1800,3. DRIVE,200,400,0. RIGHT-HANDED,70,False,6,0,False,8,12,8,37.5,True,False,2,1089.65
2025/01/09 5:36:58 pm GMT-8,BABI,,25.0,178,78,0,3500,1. LARGE CORPORATION,False,1000,2. PUBLIC TRANSPORT,35,50,0. RIGHT-HANDED,40,False,,0,False,7,12,25,15,True,False,1,24.62
2025/01/09 5:37:02 pm GMT-8,BABI,male,23.0,179,71,0,4200,2. SMALL COMPANY,True,0,2. PUBLIC TRANSPORT,20,0,1. LEFT-HANDED,0,False,11,0,False,6.5,35,16,0,True,False,0,22.16
2025/01/09 5:37:16 pm GMT-8,BABI,female,28.0,165,61,,,3. NON-PROFIT OR GOVERNMENT AGENCY,True,200,2. PUBLIC TRANSPORT,60,0,0. RIGHT-HANDED,30,False,,0,False,6,0,2,30,True,True,0,22.41
2025/01/09 5:37:27 pm GMT-8,BABI,male,36.0,178,82,5700,6500,3. NON-PROFIT OR GOVERNMENT AGENCY,False,2000,2. PUBLIC TRANSPORT,200,200,0. RIGHT-HANDED,80,False,10,2,False,8,4,15,20,True,True,2,25.88
2025/01/09 5:37:43 pm GMT-8,BABI,male,32.0,173,93,4400,7400,3. NON-PROFIT OR GOVERNMENT AGENCY,False,3200,3. DRIVE,80,400,0. RIGHT-HANDED,90,True,10,4,False,6,12,4,40,True,True,2,31.07
2025/01/09 5:38:01 pm GMT-8,BABI,male,29.0,171,73,3600,5000,1. LARGE CORPORATION,True,500,2. PUBLIC TRANSPORT,200,100,0. RIGHT-HANDED,40,False,9,0,True,6,5,8,37.5,True,True,0.5,24.96
2025/01/09 5:38:40 pm GMT-8,BABI,female,21.0,178,70,3000,5000,1. LARGE CORPORATION,False,2500,3. DRIVE,100,100,2. AMBIDEXTROUS,100,False,12,8,False,7,10,8,0,True,True,3,22.09
2025/01/09 5:38:52 pm GMT-8,GCBA,male,33.0,179,85,0,6500,3. NON-PROFIT OR GOVERNMENT AGENCY,True,1200,2. PUBLIC TRANSPORT,40,200,0. RIGHT-HANDED,35,False,9,0,False,6,25,8,0,True,True,0,26.53
2025/01/09 5:38:57 pm GMT-8,BABI,male,24.0,172,53,5500,5500,1. LARGE CORPORATION,False,3000,2. PUBLIC TRANSPORT,40,250,0. RIGHT-HANDED,78,False,10.3,1,False,7,30,15,40,True,True,1,17.92
2025/01/09 5:38:59 pm GMT-8,BABI,male,24.0,187,81,2500,5000,1. LARGE CORPORATION,False,1500,2. PUBLIC TRANSPORT,50,200,0. RIGHT-HANDED,40,False,11,0,False,10,10,15,30,True,True,1,23.16
2025/01/09 5:39:12 pm GMT-8,BABI,male,30.0,175,65,5000,6000,1. LARGE CORPORATION,False,2000,2. PUBLIC TRANSPORT,45,100,0. RIGHT-HANDED,30,False,10,0,False,8,10,15,40,True,True,2,21.22
2025/01/09 5:40:13 pm GMT-8,BABI,male,33.0,167,64,3000,4500,2. SMALL COMPANY,False,1500,2. PUBLIC TRANSPORT,60,50,0. RIGHT-HANDED,115,False,9.5,4,False,7,25,20,38,True,True,1,22.95
2025/01/09 5:40:31 pm GMT-8,BABI,male,23.0,182,79,0,2000,3. NON-PROFIT OR GOVERNMENT AGENCY,False,1000,3. DRIVE,150,100,0. RIGHT-HANDED,45,False,11,0,False,7,10,14,0,True,False,1,23.85
2025/01/09 5:41:38 pm GMT-8,BABI,female,47.0,165,54,0,6700,4. OTHER,False,3000,2. PUBLIC TRANSPORT,200,500,1. LEFT-HANDED,63,False,9.5,6,False,8,1,16,20,True,True,3,19.83
2025/01/09 5:44:20 pm GMT-8,BABI,male,57.0,164,65,20000,6000,2. SMALL COMPANY,False,6000,5. OTHER,40,50,0. RIGHT-HANDED,65,False,8,1,False,8,1,30,0,True,True,0,24.17
2025/01/09 7:37:17 pm GMT-8,BABI,male,57.0,164,65,20000,6000,2. SMALL COMPANY,False,6000,5. OTHER,40,20,0. RIGHT-HANDED,65,False,8,1,False,8,1,30,0,True,True,0,24.17
2025/01/10 9:04:37 pm GMT-8,BITMAN,male,59.0,170,80,3500,6500,1. LARGE CORPORATION,False,4300,2. PUBLIC TRANSPORT,50,150,0. RIGHT-HANDED,80,False,10,0,False,6,0,20,0,True,True,2,27.68
2025/01/16 2:34:47 pm GMT-8,MKTG,female,26.0,5,54.54,3100,3300,3. NON-PROFIT OR GOVERNMENT AGENCY,False,1200,3. DRIVE,300,10,0. RIGHT-HANDED,30,False,9,4,False,6.5,10,10,6,True,True,2,21816.0
2025/01/16 2:38:44 pm GMT-8,MKTG,male,25.0,177,68,2000,5000,1. LARGE CORPORATION,True,1200,3. DRIVE,300,500,0. RIGHT-HANDED,50,True,10.2,5,False,6,6,8,24,True,True,1,21.71
2025/01/16 2:44:32 pm GMT-8,MKTG,female,21.0,165,50,12,3000,2. SMALL COMPANY,False,2200,2. PUBLIC TRANSPORT,0,300,0. RIGHT-HANDED,80,False,9,2,False,7,20,30,0,True,False,0,18.37
2025/01/16 2:45:57 pm GMT-8,MKTG,female,20.0,158,32,2400,3000,1. LARGE CORPORATION,True,,3. DRIVE,240,300,0. RIGHT-HANDED,0,False,,,True,7,14,7,,True,False,,12.82
2025/01/16 2:46:48 pm GMT-8,BBA,male,22.0,176.784,74,0,3000,1. LARGE CORPORATION,False,500,2. PUBLIC TRANSPORT,0,100,1. LEFT-HANDED,86,False,6,1,False,7,11,5,24,True,False,4,23.68
2025/01/16 2:49:50 pm GMT-8,MKTG,female,22.0,165.1,48.5,0,80,1. LARGE CORPORATION,False,2,3. DRIVE,100,100,0. RIGHT-HANDED,0,True,,.1,False,7,20,5,0,True,False,1.5,17.79
2025/01/16 2:49:53 pm GMT-8,MKTG,female,20.0,168,74.84,0,5,1. LARGE CORPORATION,True,800,3. DRIVE,160,40,0. RIGHT-HANDED,90,False,9.69,0,True,11,14,17,7,True,False,0,26.52
2025/01/16 2:53:53 pm GMT-8,MKTG,male,18.0,6,70,0,4000,2. SMALL COMPANY,True,0,3. DRIVE,190,0,0. RIGHT-HANDED,0,False,12,0,False,8,10,15,8,False,False,0,19444.44
2025/01/16 2:57:44 pm GMT-8,MKTG,male,20.0,165,77,0,70,1. LARGE CORPORATION,True,0,3. DRIVE,0,200,2. AMBIDEXTROUS,40,True,,0,False,7,12,8,0,True,True,1,28.28
2025/01/16 3:44:40 pm GMT-8,MKTG,female,19.0,168,63,,4800,1. LARGE CORPORATION,True,100,2. PUBLIC TRANSPORT,0,400,0. RIGHT-HANDED,0,False,9.6,1,False,7,6,8,0,False,False,1,22.32
2025/01/16 3:52:11 pm GMT-8,MKTG,female,21.0,159,45,0,,2. SMALL COMPANY,False,,2. PUBLIC TRANSPORT,,,0. RIGHT-HANDED,,False,,0,False,7,,,0,True,False,0,17.8
2025/01/16 4:41:58 pm GMT-8,MKTG,female,27.0,164,50,0,5000,3. NON-PROFIT OR GOVERNMENT AGENCY,False,3000,3. DRIVE,150,,0. RIGHT-HANDED,50,True,8.75,,False,9,3,10,0,True,True,1,18.59
2025/01/16 4:42:32 pm GMT-8,BMGT,male,21.0,178,66,0,3300,2. SMALL COMPANY,True,3900,3. DRIVE,700,0,0. RIGHT-HANDED,80,False,11.25,0,False,8,0,40,0,True,False,0,20.83
2025/01/16 4:47:45 pm GMT-8,BABI,female,24.0,161,57,0,4000,1. LARGE CORPORATION,True,200,2. PUBLIC TRANSPORT,0,20,0. RIGHT-HANDED,0,False,8,1,False,8,30,25,8,True,True,0,21.99
2025/01/16 5:03:30 pm GMT-8,MKTG,female,29.0,162,70,3500,2600,1. LARGE CORPORATION,False,1500,2. PUBLIC TRANSPORT,50,150,0. RIGHT-HANDED,69,False,9.25,0,True,6,21,35,0,True,True,0,26.67
2025/01/16 6:46:46 pm GMT-8,BMGT,female,23.0,63,158,4000,5000,1. LARGE CORPORATION,False,,3. DRIVE,60,,0. RIGHT-HANDED,48,False,,0,True,7.5,,,,True,False,1,398.09
2025/01/16 7:31:42 pm GMT-8,BABI,male,23.0,185,93,3700,3200,2. SMALL COMPANY,True,60,2. PUBLIC TRANSPORT,90,75,0. RIGHT-HANDED,50,False,9,1,False,7,5,10,8,True,True,0,27.17
2025/01/16 8:37:34 pm GMT-8,MKTG,male,24.0,170,81,5500,3500,1. LARGE CORPORATION,True,700,3. DRIVE,750,150,1. LEFT-HANDED,117,False,10.5,0,False,7,10,18,8,True,False,1,28.03
2025/01/16 11:11:41 pm GMT-8,MKTG,male,23.0,170,57,3000,5000,1. LARGE CORPORATION,True,750,2. PUBLIC TRANSPORT,50,30,0. RIGHT-HANDED,34,False,10,0,False,6,32,8,30,True,True,1,19.72
2025/01/17 6:25:04 am GMT-8,MKTG,male,26.0,168,80,0,800,2. SMALL COMPANY,False,4000,2. PUBLIC TRANSPORT,50,100,0. RIGHT-HANDED,30,False,9,2,False,7,5,6,0,True,False,1,28.34
2025/01/17 8:47:57 am GMT-8,BABI,male,21.0,183,71,4000,5000,1. LARGE CORPORATION,True,100,3. DRIVE,100,30,0. RIGHT-HANDED,0,False,10.5,0,False,7.5,20,4,5,True,False,0.5,21.2
2025/01/17 10:41:44 am GMT-8,OMPT,male,22.0,167.64,79.55,1000,1,1. LARGE CORPORATION,True,,2. PUBLIC TRANSPORT,5,40,0. RIGHT-HANDED,80,False,,,True,6,,2,10,True,True,,28.31
2025/01/17 10:51:34 am GMT-8,BMGT,male,20.0,178,84,3000,6000,1. LARGE CORPORATION,True,300,3. DRIVE,150,100,0. RIGHT-HANDED,70,True,11,0,False,7,10,15,16,True,False,1,26.51
2025/01/17 12:00:17 pm GMT-8,BBAD,female,22.0,172,57,0,4,1. LARGE CORPORATION,False,1,2. PUBLIC TRANSPORT,0,200,0. RIGHT-HANDED,50,False,9,4,False,7,15,10,12,True,True,2,19.27
2025/01/17 1:05:28 pm GMT-8,BABI,male,20.0,172,64,0,5000,1. LARGE CORPORATION,False,1400,2. PUBLIC TRANSPORT,0,300,0. RIGHT-HANDED,39,False,10.25,0,True,8,7,3,15,True,False,1,21.63
2025/01/18 12:53:57 pm GMT-8,BMGT,male,27.0,173,72,6000,6000,4. OTHER,False,2200,5. OTHER,180,50,0. RIGHT-HANDED,50,False,10,0,True,5,2,10,20,True,True,,24.06
2025/01/18 11:44:28 pm GMT-8,BABI,female,29.0,165,62,3200,5000,1. LARGE CORPORATION,True,150,2. PUBLIC TRANSPORT,0,300,0. RIGHT-HANDED,25,False,,2,False,7,14,24,25,True,False,0.5,22.77
2025/01/19 4:47:16 pm GMT-8,BMGT,male,22.0,188,72,3200,5000,2. SMALL COMPANY,True,300,3. DRIVE,100,100,0. RIGHT-HANDED,0,False,11,8,False,8,24,10,0,True,False,1,20.37
2025/01/19 7:41:28 pm GMT-8,BBAD,female,24.0,165.1,175,2000,5100,3. NON-PROFIT OR GOVERNMENT AGENCY,True,300,3. DRIVE,300,100,1. LEFT-HANDED,100,False,9.5,0,False,6,50,20,20,True,True,1,64.2
2025/01/19 8:09:31 pm GMT-8,BABI,female,21.0,167,165,0,5000,3. NON-PROFIT OR GOVERNMENT AGENCY,False,1000,2. PUBLIC TRANSPORT,0,20,0. RIGHT-HANDED,45,False,9,0,False,6,5,10,22,True,False,1,59.16
2025/01/19 10:24:34 pm GMT-8,BMGT,female,19.0,182,55,0,5500,2. SMALL COMPANY,True,1000,2. PUBLIC TRANSPORT,110,200,0. RIGHT-HANDED,35,False,9.9,0,False,5,12,30,24,True,False,1,16.6
2025/01/20 10:55:29 am GMT-8,BMGT,female,22.0,157,55,0,2000,1. LARGE CORPORATION,True,750,3. DRIVE,400,200,0. RIGHT-HANDED,100,False,,1,True,8,3,4,16,True,True,2,22.31
2025/01/20 11:33:05 am GMT-8,COMP,male,21.0,169,125,0,75000,1. LARGE CORPORATION,True,300,3. DRIVE,400,30,0. RIGHT-HANDED,70,False,10.3,0,False,7,40,,0,True,False,0,43.77
2025/01/20 10:43:04 pm GMT-8,BITMAN,female,23.0,157,73,0,5447,2. SMALL COMPANY,True,300,2. PUBLIC TRANSPORT,68,12,0. RIGHT-HANDED,0,False,8.5,1,True,6,4,21,0,True,True,0,29.62
2025/01/23 9:33:54 am GMT-8,MKTG,female,18.0,170,119.20,0,1040,2. SMALL COMPANY,False,1350,2. PUBLIC TRANSPORT,47,20,0. RIGHT-HANDED,29,False,12.2,0,False,5,21,35,15,True,True,2,41.25
